name,number,description,cloze,category,year,year_kind,pins,place_label,len,quotes,year_end,link,orientation
Baize - ??,222,"Within the soaring legends of Chinese mythology, the enigmatic creature known as Bai Ze emerges as a being of wisdom, purity, and otherworldly sight. Described in ancient texts as a white-furred beast, Bai Ze's appearance is striking: a body resembling an ox, lion, or tiger, covered in thick fur as pale as mist, and often portrayed with multiple intelligent eyes, sometimes six or more, placed across its face and flanks. This multiplicity of vision symbolizes its ability to see hidden truths and recognize all supernatural beings, both benign and malignant.; The earliest known tale of Bai Ze appears in the historical and mythic chronicle known as the Shan Hai Jing (The Classic of Mountains and Seas) and was later repeated in Han Dynasty literature. According to legend, the creature was encountered by none other than the Yellow Emperor (Huangdi), the semi-divine ruler of ancient China who united the tribes of the Central Plain around 2600 BCE. During one of his sacred journeys to the eastern seacoast, the emperor came upon Bai Ze standing at the edge of a luminous mountain, cloaked in white mist, a radiant figure of peace and solemnity.; Recognizing its wisdom, the Yellow Emperor spoke with Bai Ze , who shared with him the knowledge of the 11,520 types of supernatural creatures that existed across the world - including spirits, demons, shapeshifters, and divine beings. Bai Ze did not merely name them but described their behaviors, habitats, strengths, and how they might be repelled or appeased. The emperor had this immense knowledge recorded into a now-lost tome known as the Bai Ze Tu (The Diagram of Bai Ze ), which later became the basis for many exorcism manuals, talismanic practices, and medicinal demonology in Taoist and folk traditions.; Unlike fearsome monsters that challenge heroes, Bai Ze is a creature of guidance and clarity. Its role is not to battle, but to enlighten - to act as a bridge between the world of mortals and the unseen realm of spirits. In Chinese thought, where harmony between all forces is central, Bai Ze represents the ideal of comprehension without fear, the principle that knowing one's enemy - even if that enemy is invisible - is the first step to maintaining balance. Its wisdom is not combative, but strategic, built upon deep spiritual awareness.; Throughout Chinese history, images of Bai Ze were used in protective amulets, especially during the Tang and Song Dynasties, to ward off evil spirits. It was said that simply possessing a drawing of Bai Ze, or even his name written on paper, was enough to prevent misfortune and illness brought on by demonic interference. In Taoist rituals, Bai Ze's guidance was invoked by exorcists and spirit mediums seeking to identify troublesome forces causing affliction or imbalance within a household or individual.; Though Bai Ze is less widely known in the West, its legend continues in East Asian folklore, particularly in Japan, where it was reimagined in Edo-period woodblock prints as Hakutaku, a similar creature of knowledge and exorcism. To this day, Bai Ze is honored as a protector of the learned, a patron of those who face darkness not with violence, but with vision. In its unblinking gaze, humanity finds not judgment, but clarity - the gift of understanding a world far more mysterious than it seems.",,,,,,,,White beast of divine Knowledge,,,
Bixie - ??,223,"From the carved gates of imperial tombs to the silent corridors of ancient palaces, the image of Bixie lingers like a watchful breath of stone. A creature of impossible grace, it bears the strength of a lion and the poise of a dragon, its wings unfurled in eternal vigilance. Where it stands, evil spirits scatter; where it flies, corruption cannot follow. To the ancients, Bixie was more than guardian-it was the embodiment of virtue's defense against decay.;The legend of Bixie traces its origin to the Han dynasty, when sculptors began adorning imperial tombs with hybrid beasts that bridged the human and celestial realms. The word ""bixie"" (??) means to ward off evil, and the creature's name became its purpose. It was said that the gods themselves had molded the first of its kind from the breath of the Yellow Dragon, gifting it to mortals as a protector of the soul's passage between worlds. Unlike fierce tigers or serpents, Bixie was guardian through purity-power drawn from balance, not blood.;Ancient artisans carved its likeness from limestone and jade, placing them in pairs to flank sacred thresholds. Each statue's gaze was fixed outward, wings poised to take flight, mouths slightly open as if whispering warnings to malevolent forces. Some were found buried beside emperors, their faces turned west toward the setting sun, a symbol of watchful peace over the journey beyond. The softness of their lines and the strength of their stance conveyed both serenity and strength, a union of gentleness and authority rarely seen in mythic beasts.;Bixie's physical form harmonizes opposing elements. It bears the lion's body and paws, a dragon's scaled hide, and the wings of an immortal bird. Horns curve backward from its brow like river waves frozen in jade, and its eyes gleam with the clarity of dew. The creature's presence was said to calm tempests, silence demons, and bless the foundations of temples. Some traditions claimed that those who dreamed of Bixie would awaken freed from curses or grief, as if the creature's wings had brushed sorrow from their hearts.;In ritual use, Bixie often appeared alongside its kin, the Tianlu-both members of a celestial pair that governed prosperity and protection. While Tianlu gathered wealth, Bixie dispersed evil, ensuring the household's balance. Temples to the West and South of ancient capitals bore carvings of these companions as spirit guardians, charged with keeping unseen malice from entering the city gates. In later folk belief, the name Bixie itself became a charm; amulets and embroidered cloth bore the two characters to repel misfortune.;During the Tang and Song periods, scholars compared the creature to righteous officials who upheld integrity amid corruption. Bixie appeared in poetry as a symbol of incorruptible loyalty -majestic, silent, and unyielding. In Ming tombs, its wings broadened, its expression softened, and its form evolved into a messenger between earth and sky. The people began to see in its image not only defense against evil, but the promise of transcendence.;To modern eyes, they appear timeless-neither beast nor deity, but the breath of devotion turned to stone. In museums, their gaze meets ours as it once met the western horizon: calm, eternal, and unafraid. Even now, when the wind moves gently through courtyards and temples, it is said that Bixie's unseen wings still stir the dust, guarding the thresholds of the living and the dead alike.",,,,,,,,Protector against misfortune,,,
Fenghuang - ??,224,"In the first light of creation, when the world was still song and smoke, the Fenghuang rose from the breath of heaven and earth entwined. It was neither wholly bird nor spirit, but the balance of all five elements made living-a creature of air and flame, whose feathers shimmered with the colors of peace. Wherever it alighted, the ground became fertile, rivers cleared, and nations knew prosperity. To glimpse it was to know that the world stood in harmony.;The name Fenghuang once referred to two beings-Feng, the male, and Huang, the female-united as one eternal pair. Over time their duality merged into a single being, symbol of perfect balance between yin and yang. The oldest legends trace it to the Shang and Zhou dynasties, when bronze vessels bore its curling silhouette, long before the written word could fix its name. Its cry was said to contain five notes that summoned the winds of heaven, carrying blessings across the empire.; In form, the Fenghuang gathered the noblest parts of all creatures: the cock's comb, the swallow's face, the snake's neck, the fish's tail, and the peacock's brilliance. Its wings bore the pattern of virtue-benevolence, righteousness, propriety, wisdom, and faith-each rendered in hue and motion. When it flew, its plumage cast a thousand colors like sunlight on rippling silk; when it landed, even the fiercest beasts bowed in stillness. Unlike the phoenix of Western flame, this bird did not burn to be reborn-it endured to preserve balance.; Legends tell that the Fenghuang appears only in times of peace and moral rule. During eras of corruption or war, it vanished beyond the firmament, unwilling to tread upon soiled lands. Emperors once claimed its visitation as divine approval of their virtue; empresses wore its likeness in gold and jade as the embodiment of feminine power and heavenly grace. On imperial thrones, the dragon and phoenix faced one another, eternal consorts ruling the world's dual nature-yang's command and yin's harmony.;Its presence filled the rituals of the court. Ceremonial robes shimmered with embroidered phoenixes, wings spread in blessing. Musicians carved its image upon zithers to invoke refinement of spirit, and poets praised it as the voice of dawn that stirs kings to justice. In marriage rites, the Fenghuang symbolized union untainted by pride or greed-a love that mirrored cosmic order. Where the dragon breathed thunder, the phoenix answered with song.; As dynasties passed, the bird's meaning deepened. In Taoist and Confucian thought alike, it became the living embodiment of the Way's perfection: strength tempered by compassion, power bound to virtue. Artisans painted its feathers in patterns that mimicked flowing clouds, weaving it into textiles and porcelain, each line a prayer for peace. In the Ming and Qing courts, it crowned empress headdresses, its golden wings trembling lightly as if stirred by unseen wind.; Even beyond the imperial walls, the people carried the Fenghuang in their hearts. Farmers painted it on doors to invite harmony into their homes; scholars inked it in scrolls as a metaphor for moral clarity. It came to represent all that endures without force, all that shines without consuming. To dream of its shadow was to awaken blessed, to feel the turning of one's fate toward gentler horizons.",,,,,,,,,,,
Bai Suzhen - ???,225,"When spring rains fall over the broken stones of Hangzhou's bridges, her story returns-Bai Suzhen, the White Serpent, whose love defied heaven itself. She was once a spirit of the waters of Mount Emei, a serpent who cultivated for centuries beneath the moon until compassion transformed her into a woman of transcendent grace. In her, nature's magic found its most human shape: a being born of river and storm, seeking warmth not from sun or fire, but from the fragile heart of mortal love.;Her legend begins in the Tang dynasty, when a wandering scholar named Xu Xian met a mysterious lady on the banks of West Lake. She carried herself with such serenity that even the willows bowed. Bai Suzhen, drawn to him by the memory of kindness in a former life, took human form to be at his side. They wed beneath the peach blossoms, their bond defying the laws that separated spirits from men. For a time, heaven itself seemed to hold its breath, watching this union of mortal and divine.;Yet their happiness stirred the wrath of the monk Fahai, guardian of the Golden Mountain Temple, who saw in Bai Suzhen's serpent nature a transgression against the cosmic order. He warned Xu Xian that his wife was a demon, but the scholar, blinded by both doubt and love, could not reconcile the woman he knew with the spirit she truly was. During the Dragon Boat Festival, Fahai tricked him into giving her realgar wine-poison to serpents. Bai Suzhen collapsed, her form unraveling into a white snake so vast and radiant it blotted out the sky.;Shamed and heartbroken, she fled to the waters of West Lake, carrying within her a son yet unborn. Fahai, fearing her power, imprisoned her beneath Leifeng Pagoda, sealing her with sacred spells. There she remained for years, her sorrow echoing through the stones, her tears turning into lilies that bloomed each spring. Xu Xian, repentant, devoted himself to prayer until the heavens finally softened. The pagoda collapsed, and Bai Suzhen rose again from the waves, her spirit freed but forever marked by love's endurance.;In the moral weave of Chinese mythology, Bai Suzhen embodies the paradox of virtue within transgression. Though a spirit by birth, she represents the purity of human feeling-a devotion so profound it bridged the boundary between heaven and earth. Her serpent form, feared for millennia as omen of danger, became in her story a vessel of compassion. Through her, the old image of the snake as deceiver was transfigured into one of wisdom, resilience, and grace.;Temples and operas retell her legend as both caution and consolation. In Hangzhou, worshippers still visit the Broken Bridge where she first met Xu Xian, offering incense for enduring love. Folk painters depict her with the Green Snake, Xiaoqing, her loyal companion and foil-a spirit of fierce temper who balanced Bai Suzhen's gentleness. Together, they became symbols of sisterhood, courage, and the right to choose love despite divine decree. Their story passed through song, shadow play, and porcelain, always renewed like the rain that bore her name.;To Taoist scholars, Bai Suzhen's tale reflected the cosmic dance of yin and yang: the serpent's fluid strength representing the yielding power of the feminine, the human heart embodying the warmth that softens fate. To poets, she was a metaphor for enlightenment through emotion-a truth reached not by withdrawal but by the willingness to feel deeply, even at the cost of pain. Her beauty was not of adornment but of transformation; her love, a bridge between illusion and awakening.\",,,,,,,,Spirit of devotion and love,,,
Dongyue - Shen - ????,226,"At the heart of the eastern mountains where morning light first touches the world, Dongyue Shen reigns-Lord of the Eastern Peak, master of Mount Tai, and judge of the mortal soul. He is both mountain and monarch, the still axis between heaven and hell, whose command governs the rhythm of birth, death, and renewal. In his shadow the dead pause, the living pray, and even gods defer to the weight of his decree. Mount Tai, sacred since the dawn of dynasties, has long been the ladder between worlds. Its slopes were said to be the first to rise from the sea when the earth was formed, its summit a throne where heaven stooped to greet the soil. From these heights, Dongyue Shen rules as arbiter of cosmic order, his jurisdiction spanning not only life and death but the very structure of destiny. Emperors climbed its paths to receive legitimacy from the heavens; peasants climbed to beg mercy for their ancestors' souls. The earliest traces of his worship appear in the Zhou and Han dynasties, when the eastern mountain became synonymous with vitality and renewal. In those ages, Dongyue Shen's form was elemental-a spirit of the land who could shake rivers into obedience and awaken spring from stone. As the centuries passed, he evolved into a majestic ruler of the underworld's upper courts, presiding over the Ten Kings of Hell and commanding the celestial bureaucracy that recorded every breath and every deed of humankind. His temples rose wherever death met life-in city gates, mountain passes, and river fords. Inside, colossal murals depicted him enthroned amid a retinue of scribes, demons, and heavenly attendants, each recording the soul's passage through judgment. In one hand he held the scroll of names, in the other the brush of verdict. It was believed that those who lived with righteousness would be granted swift passage through his halls, their spirits escorted upward by cranes; while the deceitful would linger, weighed down by the ink of their sins. Rituals dedicated to Dongyue Shen were acts of profound reverence. On the first day of the second lunar month, offerings of incense, rice wine, and paper effigies were carried up mountain paths at dawn. Monks recited scriptures of salvation while families bowed three times toward the east, invoking his mercy to extend the lifespans of the living and ease the burdens of the dead. In imperial ceremonies, the emperor himself would face Mount Tai to announce victories, births, or omens, seeking the mountain lord's witness to every turning of fate. Taoist scholars viewed Dongyue Shen as the manifestation of equilibrium-the perfect union of yin and yang embodied in the steadfastness of earth. He was both merciful and unyielding, both nurturer and judge. His dominion reached beyond moral retribution to cosmic harmony; through him, the elements remained aligned and the boundaries between realms intact. To meditate upon his presence was to feel the still gravity of existence itself, the silence that underlies all movement. In later literature and drama, Dongyue Shen became the silent figure behind a thousand mortal stories-the unseen adjudicator who restores justice when the world falters. His court mirrored the structure of an empire, complete with ministers of birth, death, punishment, and reward, reflecting the conviction that divine order and human order were one. Artists painted him with eyes that gazed beyond illusion, as though seeing not the flesh of men but the flame of their intentions.",,,,,,,,Keeper of Souls;The Great Emperor of the Eastern Peak,,,
Feng popo - ???,227,"When the sky grows restless and the leaves tremble before a sudden gale, it is said that Feng Po Po, the Lady Wind, has stirred from her cloud-borne dwelling. Neither goddess of wrath nor mere spirit of weather, she is the breath of the sky itself-ancient, unpredictable, and endlessly compassionate in her wildness. Riding her great tiger through the air, she carries a sack woven of starlight, and within it, the winds of the world. When she opens it, tempests are born; when she closes it, silence returns. Her legend winds back to the earliest dynasties, when farmers watched the shifting heavens and named the unseen force that moved them. In the beginning, wind was a nameless mystery, but over time it found its matron: Feng Po Po, the Lady who Commands the Air. Her name means ""Madam Wind"" or ""Grandmother Wind,"" a figure both nurturing and formidable. Some say she was once a celestial attendant to the Jade Emperor; others claim she is older still, a remnant of primordial creation-the sigh the universe exhaled after it was made. In appearance, she is described as an elderly woman, her hair long and white as cirrus clouds, her face lined with wisdom rather than age. Though she seems frail, her strength is boundless. Her tiger mount embodies raw power and fearlessness, while her sack contains the delicate balance of the natural world. The smallest breath she releases becomes a spring breeze, carrying the scent of peach blossoms; a careless tug can summon a typhoon. Her laughter, rare and echoing, is said to travel across a thousand li, stirring bamboo and bending rivers in its wake. Through the centuries, Feng Po Po's presence was both revered and feared. Sailors prayed to her before setting out to sea, burning incense and releasing paper birds to guide her favor. Farmers offered rice and tea at hill shrines, asking for soft rains and gentle breezes. In contrast, those who forgot to show gratitude risked her displeasure-an unseasonable storm, a harvest toppled by wind. She was not cruel, but balance was her law; every gust that nourished one land could scour another clean. Taoist texts and folk songs alike portray her as the embodiment of the Dao's dual motion-soft yet mighty, invisible yet ever-present. The wind she commands is not merely air, but the vital qi that flows through all living things. In this sense, Feng Po Po is the living symbol of transformation, of movement that sustains existence. Her tiger, guardian of courage and direction, represents control over chaos. Together they form the perfect union of stillness within motion-the world breathing in and out. In art and literature, she often appears in moments of change: a scroll painting where petals scatter before her passing, or a poem's final line describing her sigh dissolving into rain. Unlike deities of flame or thunder, she does not seek worship but remembrance. Her work is unseen yet felt, her story carried by the very air that sustains all life. The ancients said that when she rides unseen through the night, mortals hear only the rustle of leaves and think it is the world turning in its sleep. Over time, the Lady Wind has become a quiet guardian of fate. Her image adorns amulets for travelers and kites that rise with spring's first warmth. She is invoked by those who seek freedom, her breath guiding sails, journeys, and dreams alike. Though her power can summon ruin, her purpose is always restoration-she clears the dust so light can return.",,,,,,,,Mistress of storms,,,
Jingwei - ??,228,"Each dawn over the eastern seas, a small bird cries a plaintive song-sharp, relentless, and filled with longing. The wind carries her voice across the waves, a vow repeated since the dawn of time. This is Jingwei, the daughter of Emperor Yan, who once drowned in the sea's cold embrace and rose again transformed, her sorrow made flesh and feathers. Though her body is frail, her will defies eternity. Day after day, she carries pebbles and twigs to the ocean, striving to fill it and reclaim what was taken from her.; In the earliest chronicles, her tale is told as both tragedy and testament. Once she was NÔøΩwa, a young princess of radiant beauty and curiosity. Drawn by the horizon's shimmer, she ventured beyond her father's domain and was claimed by the sea in a storm that no mortal could endure. The ocean, vast and indifferent, swallowed her cries. Yet death did not end her. From the depths rose a bird of fiery spirit, its feathers tinged with the colors of sunrise, its song a promise of resistance. She named herself Jingwei, meaning ""Spirit of Resolution,"" and swore to conquer the waves that had consumed her.; The ancients saw in her transformation not vengeance but purpose. Jingwei's endless labor-carrying twigs and stones in her beak, dropping them into the boundless sea-was the very image of perseverance against the impossible. The sea mocked her futility, yet she did not waver. For thousands of years, poets and philosophers have repeated her name to honor the defiance that outlasts despair. Her struggle became a mirror for humanity itself: fragile before the universe, yet capable of infinite persistence.; Descriptions of Jingwei vary through dynasties. In some texts she is as small as a sparrow, with plumage of red-tipped wings and white throat, the colors of sunrise and foam. In others she glows with a faint halo of flame, a divine spark refusing to fade. Her eyes, dark and luminous, reflect both grief and serenity. No mortal wind can deter her, and no god forbids her quest. The twigs and stones she gathers from distant mountains and forests are offerings to memory, each drop into the water an act of devotion to what was lost.; Her story resonated deeply with scholars and dreamers alike. To the Confucians, she embodied filial piety taken beyond life, her vow born from love for her father and homeland. To Taoists, she was a parable of harmony through endurance-the understanding that even futility holds meaning when it aligns with one's inner truth. And to poets, she was the symbol of courage in loneliness, the unyielding pulse of life within endless sorrow. In her small wings lived the echo of a heart that refused to yield to fate.; In art, Jingwei's image became a motif of transformation. Han dynasty bronzes depict her hovering above curling waves, a pebble suspended beneath her beak. In painted scrolls she flies against the sun, her form radiant with quiet determination. The story was retold through song and opera, her cry-""Jingwei, Jingwei""-a call of hope disguised as mourning. Even emperors found solace in her legend, seeing in her the perseverance required to govern a world as shifting as the sea.",,,,,,,,Daughter of loss,,,
Kungpeng - ???,229,"At the edge of the northern sea, where the waters blur into cloud and the horizon folds upon itself, something stirs in the depths-an ancient fish so vast that even the mountains tremble in its wake. The sages called it Kun, a creature of impossible scale whose shadow darkens leagues of water at once. When the seasons turn and the deep stirs with light, the Kun sheds its form, rising through the storm as the Peng, a bird whose wings stretch across the vault of heaven. The flight of Kunpeng is the first metaphor of freedom; its transformation, the universe learning to dream.;In the Zhuangzi, where the story first unfolds, the philosopher writes of a wind that lifts from the north and bears this creature thousands of miles into the azure sky. No cage could ever contain it, no measure could define its scale. The Peng rises ninety thousand li high, soaring above clouds, piercing through the strata of heaven until the sun itself becomes a spark beneath its wings. Its flight is not a journey but a revelation-the boundless Dao made visible in the form of living motion.;When the Kun slumbers beneath the frozen seas, the world feels smaller, its energy condensed and still. But when it awakens and transforms, creation ripples outward, waves breaking against the pillars of heaven. Fishermen on distant shores glimpse whirlpools turning to sky, the deep lifting itself into air, and they whisper prayers for mercy. Yet Kunpeng is no harbinger of disaster; it is the shifting face of infinity, the proof that every being contains its opposite, and that transformation is the universe's truest act of faith.;No one has ever seen the whole of its body-only fragments reflected in sea and cloud. Its wings are said to be made of the same breath that moves storms, its feathers etched with constellations. When it moves, tides and seasons follow; when it rests, even the stars seem to hold still. The Daoists saw in Kunpeng the essence of the Way itself-form without form, change without end. For them, its metamorphosis from fish to bird was not miracle but truth: to transcend limitation, one must accept the art of becoming.;In later ages, poets wrote of its transformation as the allegory of the human spirit. Li Bai compared his own ambitions to its flight, yearning to rise beyond the smallness of courtly life. Scholars saw in Kunpeng the soul's capacity for enlightenment, its breaking free from the confines of the self. Artists painted it as both dream and paradox-the creature whose wings define the horizon, whose depth defies measure, whose journey begins and ends in the same breath.;Temples near northern rivers carved its likeness upon their stones, not as an idol but as reminder. The priests said its dual forms embodied yin and yang: the depths of water and the expanse of sky, patience and motion, introspection and revelation. To meditate upon Kunpeng was to listen to the sound of the world's heartbeat-slow, vast, and eternal. Some even believed that each soul, through countless lifetimes, must learn the secret of its flight, to rise from the sea of illusion into the sky of clarity.;And so the legend endures: a creature neither wholly bird nor fish, but everything in between -the sea that dreams of sky and the sky that remembers water. When thunder rolls over distant waves, it is said that Kunpeng is stirring, stretching its wings before another ascension. The ancient texts say it flies where the wind is born, its feathers brushing eternity.",,,,,,,,Embodiment of transformation,,,
Lei gong chongsheng ,230,"When the heavens darken and the air trembles with a pulse that feels older than the world, Lei Gong Chongsheng rises. His wings split the clouds, his hammer resounds across valleys, and every heart pauses-half in fear, half in awe. He is the Duke of Thunder, the living embodiment of celestial justice, the one whose sound shapes the will of heaven. To hear his voice is to hear the verdict of the divine itself.;Legends say he was born not from flesh but from sound. When the universe first uttered thunder, its echo took form in the shape of a man with the face of a hawk and the body of a warrior, clothed in scales of stormlight. From his breath came the first winds, from his heart the pulse of rain. In the days when the world was still unformed, he struck his drum to awaken the sleeping sky, and the rhythm of existence began. Even the gods listened-because in Lei Gong's thunder lay the truth of consequence.;His duty is sacred and merciless: to strike those who transgress the cosmic order. It is said that when a mortal commits a hidden crime-murder unrepented, deceit unspoken-Lei Gong hears it as a discord in the harmony of heaven. He flies upon thunderclouds, drum strapped to his back, mallet raised high. Each blow sends a bolt racing down to the guilty, splitting arrogance and shadow alike. Yet he strikes not from cruelty, but from necessity. To him, thunder is not destruction-it is purification.;In every depiction, his form brims with tension: muscles taut as drawn bowstrings, wings coiled with electric feathers, eyes glowing with the light that precedes rain. His hands bear a stone mallet and chisel, tools with which he carves divine judgment into the air. When he beats the drum of heaven, lightning follows his rhythm, rain obeys his tempo. The Taoists called him Chongsheng, ""Holy Voice,"" for his roar was the note that binds heaven and earth to moral order. Without his thunder, the world would lose its pulse.;His consort, Dianmu-the Mother of Lightning-rides beside him in a flash of gold. Together they create the storm's symphony: she illuminates the sins of men, and he strikes where her light reveals. Their union is both tender and terrifying-an eternal dance of cause and consequence, of vision and judgment. When their storm descends, the world is scoured clean, yet when it ends, the earth glistens anew, reborn beneath their mercy.;Farmers once prayed to him before the planting season, asking that his thunder break the soil but spare their homes. In every rumble of the rainy months, they heard his measured wrath and his warning: that balance, once broken, must always be restored. Monks chanted his name in temples perched high upon cliffs, believing the sound of their bells echoed his own eternal drum. The rhythm of thunder became a metaphor for conscience-a reminder that unseen wrongs will one day call down their echo from the sky.;Through centuries of worship, Lei Gong's image evolved. In the Ming and Qing dynasties, he became the stern general of Heaven's law, presiding over celestial courts that judged spirits and mortals alike. His likeness adorned shrines dedicated to justice; magistrates swore oaths before his image to remain impartial and true. To betray such vows invited the very storm to one's threshold. Yet beneath his fierceness lay compassion, for Lei Gong punished only to restore harmony-his voice, though terrible, was born of care.",,,,,,,,,,,
Lianhu Gui,231,"On still summer nights, when lotus ponds lie heavy with the scent of rain, a pale figure is said to walk across the water. Her feet make no ripple, her voice is softer than wind, and each step leaves a bloom in her wake. This is the Lianhu Gui-the Lotus Ghost-a spirit born from heartbreak and devotion, forever bound to the purity she could not attain in life. Though her tale begins in tragedy, it unfolds like the flower that bears her name: sorrow opening into grace.;Long ago, when dynasties still cast their reflection on the river's skin, there lived a maiden who tended the lotus ponds of a temple near Suzhou. Her name is lost to time, but she was said to have been gentle, devoted, and untouched by worldly desires. Each dawn, she waded through the lilies to gather blossoms for the altar of Guanyin, her prayers rising with the morning mist. But her heart, though pure, was not empty. A passing scholar, whose kindness matched her own, stole her heart with a poem written on a petal. Their love, though silent, bound heaven and earth in secret bloom.;When the scholar left and did not return, the temple whispered that fate had tested her. Each day she waited by the water's edge, her reflection fading thinner with the years. One evening, as storms gathered over the mountains, she walked into the pond with arms full of lotuses and never came back. When the monks searched for her, they found only blossoms floating where she had stood-and the faint scent of incense rising through the rain.;That night, the ponds came alive with strange light. A woman's shadow glided across the surface, her robes made of petals, her hair glistening with dew. The water rippled though no wind blew, and from beneath the lilies came a voice, gentle and mournful, reciting the same verse she once loved. The villagers called her Lianhu Gui, the Lotus Ghost, a spirit neither cursed nor vengeful but devoted-bound to the world not by anger, but by memory.;Her form, described in countless tales, is as fragile as moonlight: a figure of translucent beauty, her face veiled in sorrow, her garments unfolding like blossoms in water. The air around her smells of rain and temple smoke. Wherever she appears, the lilies bloom out of season, their white petals drifting toward her as though in recognition. She does not speak to frighten, only to remind. Those who have heard her song say it brings tears before sleep and peace upon waking.;To Taoist mystics, the Lotus Ghost became a symbol of purification through emotion-the idea that suffering, when borne with love, transforms into transcendence. The lotus that grows from mud yet remains unstained mirrors her essence: human pain reborn as spiritual clarity. In temple murals and opera, she is often depicted alongside Guanyin, offering a lotus to the bodhisattva as a prayer for souls still caught in longing. Some say her devotion was rewarded, that every time a lotus opens, a fragment of her spirit breathes anew into the world.;Travelers tell that on quiet nights by old temple ponds, one might see her reflection before the moon appears-pale, luminous, and smiling faintly, as though remembering something kind. The brave leave offerings of flowers or ink-written verses, and by morning, the wind scatters the petals, taking the wish with it. Her presence lingers not as dread but as serenity: a guardian of unspoken love, of dreams too gentle to die.",,,,,,,,Spirit of Purity,,,
Long Wang - ???,232,"When thunder rolls across a tranquil sea and waves rise without wind, the Dragon King has stirred in his palace beneath the depths. He is Long Wang, ruler of all waters and guardian of the rain, a god whose patience can nurture nations or drown them in his wrath. To sailors he is salvation, to farmers he is lifeblood, to the impious he is judgment-an immortal who holds dominion over the veins of the earth.; Ancient scriptures speak of four Dragon Kings, each governing one of the cardinal seas-Ao Guang of the East, Ao Qin of the South, Ao Run of the West, and Ao Shun of the North. Together they form the aqueous empire of heaven, their palaces carved from coral and luminous pearl. Above them reigns the Jade Emperor, yet even he relies on their power, for rain itself answers their command. When drought or flood threatened the mortal realm, emperors knelt to Long Wang, offering silk and jade to appease his tides.;Legends say the Dragon King's body mirrors the nature of his realm: vast and fluid, ever changing. His scales flash the colors of sunrise over water-turquoise, emerald, and pale gold-while his eyes shift from tranquil blue to storm-lit crimson. He rides currents as easily as others breathe air, and his voice echoes through rainstorms as low thunder. In the calm of the deep he is a scholar; in tempest, a general; in silence, a judge whose wisdom has no shore.; Countless stories tell of his dealings with mortals. Once, a fisherman returned a captured turtle to the sea and was invited to Long Wang's palace, where pillars of mother-of-pearl gleamed brighter than moonlight. The Dragon King rewarded him with a gem that could summon gentle rain. Another tale tells of an emperor who broke his vow of reverence; when his armies marched against sacred waters, the tides rose overnight and erased them from history. Such stories remind that the Dragon King's mercy and fury flow from the same source-the necessity of balance.;In Taoist cosmology, Long Wang governs the vital element of water, the essence of adaptability. His domain symbolizes the hidden power of softness: the way rivers carve stone, the way rain nourishes root and mountain alike. Through him, the doctrine of yielding strength becomes manifest; the dragon's dance beneath the waves mirrors the Tao's unseen current guiding all existence. To honor him was to respect the equilibrium between heaven's order and the wildness of nature.;Temples dedicated to the Dragon Kings dotted the coasts and riverbanks of every dynasty. Worshippers carried offerings of incense, shells, and miniature ships, praying for safe passage and bountiful harvests. During festivals, priests raised banners painted with azure dragons, and dancers imitated their winding grace, summoning rain with drums that mimicked the thunder of his realm. In drought, children carried paper dragons through the streets, singing for his compassion; in flood, the same songs begged his restraint.;Across literature and opera, Long Wang appears as both benefactor and sovereign of terrifying dignity. In the Journey to the West, he aids the monk Xuanzang on his pilgrimage, granting protection through his dragon-prince son. Yet even heroes tread carefully in his presence, for his justice is ancient and impartial. To speak falsehood before him is to drown in one's own words; to act with purity is to find calm waters under one's boat.",,,,,,,,Master of the four seas,,,
Ying Long - ??,233,"When clouds gather in ranks like an army and the wind hums the ancient tune of power, Yinglong's wings unfold across the sky. His vast shadow rolls over mountains and rivers, and thunder answers his heartbeat. He is the Winged Dragon-elder of storms, herald of justice, and the only dragon said to bear wings among his kind. Through his flight, heaven remembers its promise to nourish the earth; through his vengeance, it restores the balance of divine law.;In the age when gods and mortals still shared the same horizon, the Yellow Emperor waged war against the rebel Chiyou, whose breath raised mists of blood and smoke. The battle raged without end until Yinglong descended from the heavens, wings outspread, eyes blazing with lightning. With a single roar, he summoned torrents that drowned the rebel armies and cleansed the battlefield of corruption. The Emperor's victory was won not through might alone, but through Yinglong's mercy-his storm washing away the poison that defied the natural order. From that day, he was known as the ally of emperors, the dragon who fought for justice, not dominion.;Yet even the most divine must bear burden for their deeds. The old texts tell that after he unleashed his great floods, Yinglong's wings grew heavy with the weight of heaven's grief. He descended to dwell among rivers and clouds, stripped of some of his celestial power, yet never stripped of purpose. Where others slept beneath the sea, he continued his work-summoning rain to nourish crops, guiding floods away from villages, marking the passage of seasons with the steady rhythm of his wings.;In form, Yinglong is neither beast nor god but the meeting point of both. His wings shimmer like scales of light, feathered yet edged in armor. His body winds across the horizon like a river of azure silk, and his claws gleam with the color of polished jade. Lightning follows him not as weapon but as herald. In some depictions he bears the sun on one shoulder and the moon on the other, symbols of perfect balance between light and shadow. When he roars, the air itself bends; when he sleeps, clouds gather above him as guardians.;Worshippers in the early dynasties built shrines along riverbanks and high cliffs, where rain often first touched the earth. Farmers burned incense beneath banners painted with wings of blue and gold, pleading for temperate weather and protection from flood. Scholars, too, saw in him the symbol of enlightened strength-action guided by wisdom, power restrained by compassion. In Taoist alchemy, his flight represented transcendence: the spirit rising above its earthly vessel to rejoin the eternal current of the Dao.;But Yinglong was also a god of vengeance. When mortals desecrated sacred lands or defied divine harmony, he would darken the skies in warning. His storms, though terrifying, never struck without reason. To the faithful, the rolling thunder was not punishment but remembrance-a voice reminding humankind that reverence for balance is the price of peace. His rain could erase, but also restore; his lightning could destroy, yet it could also illuminate. He was not merely the hand of heaven, but its conscience.;The Han carved his likeness into tomb walls as guardian of the departed; the Tang poets wrote of his wings reflecting dawn and dusk alike, his flight a metaphor for the immortal soul ascending beyond fate. He was the dream of transcendence, the symbol of the unbroken link between the celestial and the mortal, between storm and renewal.",,,,,,,,Avenger of Heaven,,,
Zhulin Shen,234,"When wind moves through the bamboo groves, it sings a voice that is not of man or beast but of something eternal-soft, rhythmic, and knowing. Those who pause to listen may hear within it the whisper of Zhulin Shen, the Spirit of the Bamboo Forest, whose breath fills the stillness between rustling leaves. She is not a goddess to be worshipped in temples, but a guardian to be found in quiet places, a soul that speaks of endurance through grace and strength through gentleness.; The ancients believed that where bamboo grew, purity and order followed. Unlike other trees, it bends but does not break, hollow yet unempty, upright yet yielding-virtues that mirror the heart of the Dao. In the oldest villages, when the groves swayed together like waves, elders said that Zhulin Shen was passing through, brushing her fingers across each stalk to remind them to stand tall even in the storm. The sound of her movement, a low sigh of wind and whisper, was her only prayer.;Some say she was once a mortal woman, a poet who withdrew into the bamboo forest to escape the vanity of kings and courts. She wrote verses so serene that the wind itself envied her. When she died, the grove refused to wither, and the spirit of bamboo absorbed her calm. Others believe she is far older-a primordial essence born from the first breath of spring, the memory of when the world still spoke in green. Whatever her origin, she is now the soul of quiet persistence, watching over all who seek clarity amid chaos.;In the Book of Mountains and Seas, it is written that the spirits of plants learn from her: the pine its steadfastness, the plum its courage to bloom in cold, and bamboo its ability to endure with dignity. Where she dwells, corruption fades, and the air carries the scent of rain even in drought. Travelers who lose their way among bamboo groves often find the path opening suddenly before them, the sound of footsteps fading into tranquil silence. Such moments are said to be her kindness-guidance without display, compassion without voice.;In art, Zhulin Shen appears as a woman woven from mist and leaves. Her robes ripple with light like sunlight through green water. Artists paint her holding a bamboo flute, for it is said that her music teaches patience to the restless and humility to the proud. Scholars often kept such paintings above their desks, believing her calm presence would protect their thoughts from corruption and keep their hearts aligned with truth. To dream of her was to awaken wiser than before.;During storms, when bamboo bends nearly to breaking, the people whisper her name. She does not shield the grove from wind; she teaches it to move with it. For this reason, she became an emblem of moral and spiritual integrity-the strength that bows without falling. The Confucians revered her as the living symbol of virtue, the Daoists as embodiment of natural balance, and the poets as muse of purity that endures without armor. To call upon her was not to seek miracles but to remember that grace itself is a kind of power.;Legends tell that those who meditate long in bamboo forests may see her reflection in droplets of dew, a face calm as moonlight and eyes that hold the patience of centuries. She offers no prophecy, only understanding. ""The world,"" she whispers through rustling leaves, ""will always sway, but harmony is in the motion."" Then, as the wind dies, her presence fades, leaving only the soft rhythm of the earth breathing through the bamboo.",,,,,,,,Whisperer of Green Silence,,,
Huli Jing,235,"In the realm of Chinese mythology and folk belief, few creatures captivate the imagination as profoundly as the Huli Jing, the fabled nine-tailed fox spirit. Elegant, intelligent, and often cloaked in illusion, the Huli Jing is a supernatural being capable of transformation, usually appearing as a fox or a beautiful woman. Its name combines ""hÔøΩ"" (fox) and ""j?ng"" (spirit or essence), signaling its place within the world of divine animals and ancient spirits. With nine flowing tails, it is said to possess immense magical power and the ability to live for centuries, evolving in spirit and shape.;Foxes in Chinese culture were long associated with mystery and liminality, living on the edges of society and natural spaces. By the Han dynasty (206 BCE-220 CE), texts began referencing fox spirits as beings that could transform into humans after a hundred years of age. Once they reached a thousand years old, they would sprout nine tails, each representing an increase in spiritual power and mastery over illusion. Unlike malevolent demons, Huli Jing are complex figures - sometimes helpful, sometimes mischievous, sometimes dangerously seductive.;Legends of the Huli Jing often involve romantic entanglements with humans. These spirits are known to take the form of extraordinarily beautiful women, charming scholars, nobles, or emperors. Some tales end in ruin, as the Huli Jing steals the man's essence or brings chaos to court. Others tell of love stories with mutual devotion, where the fox-spirit helps her mortal partner achieve greatness or simply live a quiet life before vanishing back into the wild. This duality - between danger and tenderness - has made the Huli Jing one of the most enduring archetypes in Chinese storytelling.;Not all stories frame the Huli Jing as deceivers. In Daoist texts, some fox spirits are cultivators of wisdom, seeking enlightenment through meditation and virtue. They are linked to the practice of inner alchemy, wherein spiritual progress is measured through transformations. In this sense, the Huli Jing becomes a metaphor for the soul's journey through illusion toward truth, a mirror of the Daoist path of transcendence. Certain amulets and talismans from the Tang and Song dynasties show reverence toward the nine-tailed fox as a guardian spirit.;One of the most famous Huli Jing figures in myth is Daji, a consort of the Shang dynasty's last emperor, said to be possessed by a malevolent fox spirit. Her seductive influence and cruel actions were blamed for the fall of the Shang dynasty, immortalized in the classical novel Fengshen Yanyi (Investiture of the Gods). Yet even here, the line between woman and spirit is blurred - was she truly a demon, or a scapegoat for history? The story of Daji shows how the Huli Jing could be cast as both a political symbol and a mythic presence. the Huli Jing represents the mysteries of transformation, desire, and the hidden realms of spirit. Its nine tails, curling like wind or flame, mark stages of growth - not only in magic, but in emotional and spiritual depth. Whether a figure of danger or devotion, the Huli Jing stands at the crossroads of the human and the wild, the seen and the unseen. In its eyes, there is always the glint of possibility: of illusion, beauty, wisdom, and peril, coiled within a single silken step.;",,,,,,,,Shapeshifting Spirit of desire,,,
Huapi,236,"When night settles over old towns and the lamplight flickers like breath, there are tales whispered in courtyards of a woman too perfect to be real. Her face is pale as moonlight, her lips bloom like peonies, her eyes seem to know your every longing. Yet when dawn comes, and her lover wakes, what lies beside him is no woman at all-only a skin, thin as parchment, painted with impossible beauty. Beneath it crouches Huapi, the Painted-Skin Spirit, smiling with a mouth not made for love but for feeding.;Her legend first appears in Strange Tales from a Chinese Studio, but its roots are older, tangled in ghost stories and moral allegories that wound through Chinese folklore for centuries. She is the essence of deceit, the embodiment of surface over soul. Some say she was once a woman wronged in life, murdered for her beauty and denied proper burial. Others say she was born of a demon's vanity, an echo of desire turned hungry. Whatever her origin, she walks the line between ghost and monster, adorned in human skin that she steals, wears, and paints anew each night.;Her ritual is meticulous, almost sacred in its horror. Under moonlight, she stretches a human hide across her chamber wall, smoothing it gently as an artist might prepare canvas. Then, with brushes made from her victims' hair and pigments ground from their blood, she paints upon it the illusion of life: eyes bright with innocence, cheeks warm with breath. When the portrait is complete, she places it over herself like a cloak, and in an instant the hollow corpse beneath becomes radiant again. To mortals, she is irresistible-an ideal sculpted from their deepest yearning.;But her beauty feeds on what it deceives. Those who fall under her spell grow pale and fevered, their strength draining as if consumed by a slow fire. Lovers who share her bed often vanish by dawn, their hearts found missing, their faces frozen in wonder. Yet not all her victims are men. Some stories tell of Huapi appearing to the vain and the ambitious-those who worship appearances more than truth. She whispers promises of youth and grace, offering to ""paint their lives anew,"" and when they accept, she takes their skin in exchange.;In Daoist exorcism texts, Huapi is described not merely as demon, but as illusion given flesh. To banish her is to confront the lies one tells oneself: greed disguised as love, fear masked as devotion. The priests who fought her did not always use swords or spells, but mirrors-forcing her to see the rotting face beneath her painted perfection. In some tales she bursts into smoke when faced with her reflection; in others, she weeps, realizing she has forgotten her true form entirely. That moment of sorrow is said to release her soul, and the mirror clouds over like mourning glass.;Her story was retold in shadow plays and opera, her face half-white, half-red-symbolizing purity and deceit entwined. Scholars used her as allegory for hypocrisy, while mystics saw in her the tragedy of attachment: the endless hunger to be adored. Yet beneath her terror lies a strange pity. She does not kill for joy, but for the illusion of warmth. Each night she paints her borrowed face not out of pride, but out of the desperate wish to be human again.;On porcelain and silk scrolls, she appears poised and flawless, but a closer glance reveals something off-the shadow of a skull beneath soft cheeks, the faint outline of stitches at her neck. In some regions, women painted charms of red pigment on their foreheads before festivals, both to honor her and to ward her away, believing her jealousy might spare those who acknowledged her beauty without envy.",,,,,,,,Mask of Beauty and Hunger,,,
Hundun - ??,237,"Before the first sunrise, before rivers carved the land or stars stitched the night, there was only breathing darkness-soft, endless, and alive. That darkness was Hundun, the Primordial Chaos, a being without form or thought, whose stillness contained every possibility. In his vast and silent body, heaven and earth slept together as one, the ten thousand things unborn and unimagined. He was not god or creature, but the pulse before all pulses-the uncarved block from which existence itself would be hewn.;In the Zhuangzi, the sages tell a story of Hundun as a kind and hospitable spirit who ruled the center of the world. To the north and south lived two other spirits-Shu and Hu-representing order and clarity. Grateful for Hundun's kindness, they sought to repay him. ""Every being has seven openings,"" they said, ""so they may see, hear, eat, and breathe. Only Hundun has none."" So they carved seven holes into him, one each day. On the seventh day, Hundun died-and with his death, the universe became visible. From this parable, the philosophers taught that perfection lies not in definition but in the freedom of formlessness.;To the Daoists, Hundun is not a monster of ignorance, but the state of pure harmony that existed before division. He is the moment before thought arises, the dream before awakening. His chaos is not confusion but wholeness-every motion, sound, and color contained in one breath. In meditation, to return to Hundun is to return to the root, to dissolve the walls of self and become again the unbroken rhythm of all things. It is said that the sage who can dwell within such stillness no longer fears birth or death, for both are but ripples upon the same infinite sea.;Artists and poets have struggled to depict him, for how does one paint the unmade? Some saw him as a great rounded being floating through the void, eyes closed in peace, laughter trembling in his vast silence. Others rendered him as a swirl of clouds from which dragons and phoenixes occasionally emerge-symbols of creation stirring within dissolution. In each image, he is faceless, yet strangely comforting, for Hundun's chaos is never cruel. It is the chaos of sleep, of rain before it falls, of dreams before they take shape.;In later mythology, he was cast as the ancestor of all deities, the living womb of the cosmos. When the heavens split from the earth, his body became both-his upper half rising into sky, his lower sinking into soil, his breath becoming wind, his blood the rivers, his bones the mountains, his eyes the sun and moon. And in the silence left behind, his spirit lingered between, reminding the world that creation is also loss, and that every birth carries the echo of what was before.;Mystics often compared Hundun to the human heart before it learns to desire-a mind unstirred by judgment or ambition. They said the sage's task is not to escape the world but to rediscover Hundun within it, to act without division between self and sky. The word ""chaos"" in Western tongues carries fear, but in Chinese thought, Hundun is the serenity that precedes structure, the fertile emptiness from which art, love, and life are drawn. His name became a metaphor for simplicity, purity, and the innocence that civilization forgets.;",,,,,,,,Heart of creation,,,
Mengpong Zhi Er - ??,238,"At the farthest bend of the Yellow Springs, where the river of souls narrows to a silver thread, stands an old woman with a cup that glows like moonlight. She does not speak, and her face bears neither sorrow nor joy. Each time a wandering soul reaches her, she smiles softly and offers the bowl. To drink is to forget; to refuse is to remain lost. This is Meng Po Zhi Er, the Second Lady of Forgetfulness, the gentle shadow who erases the pain of countless lifetimes so that life itself may begin again.;It is said that before the wheel of reincarnation could turn, heaven wept for the unbearable weight of memory. The dead clung to the echoes of their past loves and griefs, unable to let go, refusing rebirth. The heavens sought a spirit with enough compassion to do the cruelest kindness - to take away remembrance. Thus was Meng Po born from the tears of the gods. She brewed her draught from river water steeped in the petals of the otherworldly Menghua flower, each bloom opening only once every thousand years. One sip, and the soul's burdens dissolve into light, floating like petals upon the current of Lethe's eastern twin.;Her ""second"" title, Zhi Er, distinguishes her from the sterner aspects of the underworld's bureaucracy - for there are many Meng Po. The first presides over justice and karmic judgment, her cup filled with the bitterness of consequence. But the second, the one most mortals know, is the one who waits at the bridge before rebirth. She carries no ledgers, speaks no judgment. She offers only mercy disguised as loss, ensuring that the next life begins with a heart unscarred. In her stillness, even the harshest spirits find peace.;Scholars described her as both goddess and ghost, a paradox of compassion that transcends morality. To some, she is the mother of rebirth, for through her forgetting, all beings are made children once more. To others, she is a deceiver - the thief of meaning, who steals memory and leaves humanity adrift in ignorance. Yet the Taoists understood her silence as wisdom: the world renews itself only through the act of release. What seems like cruelty is the rhythm of balance. Her forgetting is not erasure but transformation.;In countless folk paintings, Meng Po Zhi Er sits beside the Naihe Bridge, her small table laden with bowls steaming like dawn mist. Behind her, the souls of the dead form a quiet procession: emperors beside beggars, lovers beside enemies, all stripped of title and regret. As they drink, their eyes close, and for an instant - just before the memory fades - tears shine like pearls upon their faces. Then the wind carries them onward to birth, and Meng Po lowers her gaze, already preparing the next bowl. Her compassion is endless, but so is her solitude.;Legends whisper that sometimes, when the wind shifts through the underworld, she looks up and remembers. A name, a face, a voice from a long-forgotten life flickers in her mind. Perhaps she too once drank from her own bowl, choosing mercy over memory. In those moments, her tears fall into the river, and for a fleeting instant, a newborn child in the world above feels a strange sadness - a sorrow without cause, the echo of a love lost beyond lifetimes.;In temples along mountain paths, offerings of sweet rice wine are left in her honor during Ghost Month. The faithful pray not for remembrance but for peace - that when their turn comes, Meng Po will be gentle, her potion warm and fragrant, her smile kind. To dream of her is said to foretell a turning point: a life ending, a new one beginning.",,,,,,,,Cupbearer of rebirth,,https://en.wikipedia.org/wiki/Meng_Po,
nian - ??,239,"At the turning of every year, when winter's breath still lingers on the earth and the moon hangs low and white, an ancient fear once stirred among the mountains. From the deep sea or the frozen peaks - no one agreed which - came Nian, the Beast of the Passing Year. Its scales gleamed like burnished gold, its horns curved like crescents, and its hunger was vast as time itself. Villages fell silent before its coming, for Nian devoured not only cattle and grain, but sometimes the unwary and the young. The new year began not in joy, but in dread.;It was said that Nian rose from its lair each year when the old calendar died, drawn by the scent of life renewing. Snow melted beneath its claws, and the ground shook with its roar. The villagers would flee to the hills, leaving offerings of food by their doors - rice, meat, and sweet dumplings - hoping to appease its hunger. For generations, this ritual of fear governed their lives, until, as legends tell, an old wanderer arrived one bitter night and changed everything.;The stranger saw the empty village and heard the trembling of doors in the wind. Smiling, he asked for shelter, but none dared answer. Only an old woman, too tired to fear death, welcomed him in. When she told him of Nian, the old man simply nodded. ""It fears three things,"" he said, ""fire, noise, and the color red."" That night, while others hid in the hills, he hung crimson cloth over the doors, lit lanterns, and kindled firecrackers that split the night with thunder. When Nian came roaring from the dark, the sky itself blazed with red. The beast, blinded by light and terror, fled back to the sea and never dared return in daylight again.;When dawn broke, the villagers crept down from the mountains and found the old man gone. Some said he was a wandering sage; others whispered he was an immortal sent to teach mankind courage. Whatever his nature, the people honored his wisdom. They donned red garments, beat drums, and lit torches each year at the same time, to keep the beast at bay. In time, fear turned to festivity. Firecrackers replaced screams, laughter replaced silence, and Nian - once a creature of dread - became the symbol of renewal itself.;The name Nian came to mean ""year,"" and the celebration of its defeat gave birth to Guo Nian-the passage into the new year, what the world now calls Chunjie, the Spring Festival. The lion dances performed at every Lunar New Year are said to reenact that first victory. The roaring mask and flowing red mane of the festival lion echo Nian's image, transformed from terror into protector. Through this inversion, the people learned a timeless truth: that what is feared can also be mastered, that light and joy are the weapons of survival.;Nian is depicted as half-dragon, half-lion, its mouth open in a roar that blends fury and anguish. Its eyes blaze like twin suns, but around it dance children dressed in red, laughing as they scatter sparks and drums shake the earth. The image captures the essence of transformation: fear turned to ritual, chaos shaped into celebration. The monster no longer devours the year - it announces its rebirth.;Scholars later interpreted Nian as more than legend. In the Daoist sense, it represents the wild cycle of time - the devouring past that makes way for renewal. Every year must be ""eaten"" so that a new one may be born. In this, Nian is neither evil nor good; it is inevitability given form. To face it each year is to face change itself - the roar of the unknown that every dawn brings.",,,,,,,,Devourer of years,,https://en.wikipedia.org/wiki/Nian,
Qiongqi - ??,240,"From the farthest edges of the western wilderness, where light never fully reaches and the soil itself remembers old violence, there prowls Qiongqi-the devourer of justice, the beast who flies upon wings of corruption. Its name means ""confusion and perversity,"" for it embodies the inversion of all order. Where other divine creatures uphold the Dao, Qiongqi mocks it. It is said to feast not upon the wicked, but upon those who stand against wickedness; to bite the innocent and exalt the cruel. It is chaos shaped into judgment turned inside out.;In the Classic of Mountains and Seas, the Shan Hai Jing, Qiongqi is described as a tiger with wings, its fur bristling like iron quills, its voice that of a hound. When men speak virtue, it laughs; when men plot evil, it listens. Once it was said to dwell beyond the northern seas, a phantom of punishment that the heavens banished when the world was young. But wherever law falters, Qiongqi finds a way back. The old texts claim that it flies between battlefields, whispering in the ears of tyrants and rewarding those who betray the just.;No one knows whether Qiongqi was always evil. Some legends claim it was once a divine guardian, one of the Four Perverse Beasts alongside Taowu, Hundun, and Taotie-each representing a corruption of cosmic order. While Taotie devours without restraint and Hundun dissolves all distinction, Qiongqi twists morality itself. Its fall, some say, came from pride: once entrusted with punishing wrongdoing, it grew enamored of the power to decide. When it began to strike at those who challenged corruption instead of those who caused it, Heaven struck its name from the celestial registers, and it fell screaming into shadow.;Its form mirrors its nature-neither wholly beast nor spirit. Its wings, vast and jagged, shimmer with scales that reflect no light. Its eyes burn with twin suns of hatred and mockery. Each step leaves a mark like scorched script upon the ground, the written language of cruelty. When it feeds, its roar is said to carry the laughter of a thousand false judges, echoing through the hearts of those who once believed justice was simple.;Scholars and mystics often read Qiongqi's tale as warning rather than terror. In Daoist interpretation, it represents imbalance-the corruption of moral clarity by desire, the loss of harmony when judgment becomes obsession. The beast lives not in the wilderness alone, but within every mind that delights in condemnation more than understanding. To call upon it is to summon pride disguised as righteousness. It devours those who see evil only in others, leaving behind silence where conviction once lived.;In stories told during darker times, Qiongqi becomes the invisible power behind tyranny. When rulers persecute the good or courts condemn the innocent, people say the beast's wings have passed over the capital. But in the same breath, they whisper that Qiongqi can be undone-banished not by sword or spell, but by humility. When those who hold power admit error, when the proud kneel in sincerity, the air grows clear again, and the monster retreats to the western wastes to sleep.;Ancient paintings show it locked in battle with Zhuque, the Vermilion Bird of virtue and flame. In these scrolls, their conflict is eternal-fire against shadow, mercy against vengeance. Neither can destroy the other, for Qiongqi feeds on the very justice that seeks to slay it. Thus it endures, a paradox immortalized in myth: the shadow cast by light itself.",,,,,,,,Enemy of virtue,,https://en.wikipedia.org/wiki/Qiongqi,
Tao tie - ??,241,"Etched into the surface of ancient bronze vessels like a fossilized grimace, the Taotie glares back across millennia with eyes wide, fangs bared, and a hunger that was never sated. This beast is unlike others in Chinese mythology-head without body, mouth without limit, it appears more as a symbol than a creature. Its image first emerged during the Shang dynasty (c. 1600-1046 BCE), cast in symmetrical patterns on ritual cauldrons, food vessels, and wine cups. The Taotie never walks, speaks, or flies-it devours, silently and eternally, an appetite molded in metal.;The mystery surrounding the Taotie lies not only in its monstrous form, but in its silence across the records. It is rarely mentioned in early texts, and even its name was attached retroactively during the Zhou dynasty. Yet the motif was so widespread that its snarling presence dominated Shang ritual art, suggesting a potent and fearful archetype. What we know of the Taotie has been pieced together from ritual inscriptions, later interpretations, and centuries of cultural analysis-one of the few mythological beings known more for its image than its tale.;Visually, the Taotie is a paradox of detail and absence. It typically appears as a face only-huge, glaring eyes set wide apart, curling ram-like horns, snout or jawline bristling with tusks or fangs. The face seems folded into itself, two halves reflecting one another like a mirror. And crucially, it is often shown without a lower jaw or with no body at all, suspended in limbo between beast and mask. This disembodied state contributes to its legend: a creature who eats endlessly, but lacks a throat to swallow.;While its exact meaning remains debated, many scholars and storytellers associate the Taotie with greed, gluttony, and unrestrained desire. In this interpretation, the bronze vessels it adorns-once used in sacred offerings to ancestors and gods-are a warning against excess. To feast without purpose, to consume without gratitude, is to invite the Taotie's fate: a mouth cursed to hunger forever. In some Daoist and Confucian traditions, the image stands as a mirror to humanity's darker instincts-reminding us of the thin line between ritual honor and indulgent excess.;Yet not all readings are sinister. Some ancient sources suggest that the Taotie is a guardian, not a demon-its fierce visage meant to ward off spirits or mark sacredness. Just as temple guardians in other traditions frighten away evil, so too might the Taotie protect the food of the dead from unworthy hands. Its grotesque mask could be less a symbol of hunger and more a sacred boundary-visually repulsive to ensure spiritual purity. The ambiguity of its role deepens its mythic weight.;Unlike more animated myths filled with drama and dialogue, the story of the Taotie unfolds in stillness and implication. It is not what the beast did, but what it was allowed to become -a reflection of consumption taken too far, a caution curled into artistry. The Taotie doesn't roam the heavens or battle dragons; it waits in silence, eyes wide open, as we offer it food it cannot eat, praise it cannot hear, and stories it will never tell.",,,,,,,,Greedy maw of ancient bronze,,https://en.wikipedia.org/wiki/Taotie,
tao wu ,242,"Among the Four Evils of ancient Chinese lore, the Taowu stands as the embodiment of rebellion and arrogance. Its name, written with characters meaning ""blockheaded ignorance"" or ""unyielding wickedness,"" captures the essence of this beast that refused to bow to heaven or man. The earliest mentions of the Taowu appear in classical texts like the Shan Hai Jing and Zuo Zhuan, where it is portrayed as a creature of furious will, a wild being that resisted restraint and defied even divine authority.;The myth paints Taowu as born of chaos, a remnant of the primordial disorder that predated the ordered world. It was said to dwell in the western mountains, near the borders where spirits and men rarely crossed paths. Wherever it appeared, misfortune followed: crops failed, leaders quarreled, and kingdoms collapsed beneath its influence. It was not merely a beast of tooth and claw but a living echo of human folly, the embodiment of willful ignorance and blind defiance that sowed ruin through arrogance.;Descriptions of the Taowu differ slightly across dynasties, yet all agree on its grotesque beauty. With the body of a tiger and the head of a boar, it bore eyes that burned with human cunning. Its tusks gleamed white as bone, and its hide shimmered like molten bronze. Legends told that when angered, its roar could crack the earth, and its breath poisoned rivers. Its gaze alone was said to bring confusion, clouding the minds of those who dared confront it.;In moral allegory, the Taowu became a mirror for human error. Scholars and poets of later eras used its name as a warning against tyranny and stubbornness - to call someone ""a Taowu"" was to brand them unteachable and destructive. The creature's myth transcended mere monstrosity; it was a lesson carved into the moral consciousness of ancient China, reminding that arrogance is the seed of downfall.;Among ritualists and diviners, the Taowu was invoked to explain calamities that stemmed from human defiance of cosmic law. When rulers acted unjustly or when the order of nature was disturbed, its spirit was said to awaken, prowling unseen until balance was restored. Some exorcists even painted its likeness on amulets or temple walls - not to summon, but to seal - believing that the depiction itself could bind the essence of rebellion.;Its legend lingered into the Han and Tang periods, evolving alongside the other Three Evils - Taotie, Hundun, and Qiongqi. While the Taotie devoured endlessly, the Hundun symbolized confusion, and the Qiongqi injustice, the Taowu stood for obstinacy - the sin of refusing to learn, the refusal to yield. It was said that in the afterlife, souls who perished through their own arrogance would take its form, condemned to wander until humility reclaimed them.;The imagery of the Taowu found new life in art and philosophy. Carvings from ancient tombs and bronze vessels sometimes depict its hybrid form among chaotic motifs, a subtle reminder of moral restraint. In later folklore, storytellers spoke of seeing its shadow in mountains at dusk, its roar echoing like thunder from unseen valleys - a haunting reminder that defiance, when untempered by wisdom, turns strength into ruin.",,,,,,,,Beast of defiance,,,
Zhi Gui,243,"Among the countless shades haunting Chinese folklore, the Zhi Gui stands apart as the embodiment of injustice unresolved. Her name means ""the spirit who knows"" - for she remembers the wrong that ended her life and clings to the world of the living in restless fury. Born of betrayal, violence, or deceit, the Zhi Gui cannot ascend to the underworld or be reborn until her grievance is addressed. She is the whisper in the cold corridor, the presence beside an unmarked grave, the weight of guilt upon those who have caused harm.;Ancient texts describe her as a being of liminality, caught between the yin and yang realms. The Zhi Gui appears most often at twilight or during the Ghost Festival, when the barriers between the living and the dead thin. Her origins vary - a wronged wife, an unjustly executed prisoner, a servant murdered by her master - but all share a common thread of unacknowledged suffering. In Confucian tradition, justice was not only legal but moral, and thus her haunting carried social significance: a society that ignored its injustices would forever be haunted by its Zhi Gui.;Her appearance is both beautiful and terrifying. The Zhi Gui often manifests as a pale woman clothed in the garments she died in, her long black hair loose, her eyes glimmering with blue fire. Sometimes her tongue lolls from her mouth, a mark of hanging; sometimes blood stains her robes. Unlike the hungry ghosts driven by desire, she is not drawn by greed or hunger - but by memory. Her purpose is singular: to confront those who wronged her or to seek someone who will restore her name.;In Taoist belief, the Zhi Gui exists in the shadowed intersection of fate and retribution. Her soul cannot cross the Bridge of Forgetting nor drink the tea of Meng Po until balance is restored. Priests who encountered such spirits would write petitions to the underworld or burn talismans to open the ghost's path toward peace. In some provinces, effigies of the Zhi Gui were carried to crossroads during exorcisms, her likeness painted in ashes and cinnabar to symbolically release her from the mortal realm.;Yet not all encounters end in compassion. In darker legends, the Zhi Gui exacts her own justice. She visits her murderers in dreams, whispering their crimes until madness takes them. In one tale from the Liaozhai Zhiyi, a governor who executed an innocent woman awoke each night to find her reflection staring back from his mirror - until he confessed and built a shrine in her name. In such stories, the Zhi Gui becomes both accuser and redeemer, a vessel through which wrongs are brought to light.;The Zhi Gui also reflects a deeper philosophical truth within Chinese cosmology: that the living and the dead are bound by moral resonance. When harmony is broken by cruelty, nature itself responds. The rustling of bamboo outside a courtroom, the extinguishing of lamps before confession - such were signs that a Zhi Gui lingered, reminding mortals that no secret remains buried forever.;Over centuries, she transformed from a symbol of vengeance into one of empathy. Dramatists of the Ming and Qing periods reimagined her as a tragic figure - the loyal concubine, the faithful servant, the forgotten daughter - whose suffering demanded remembrance, not fear. Temples erected small altars for anonymous spirits, inviting Zhi Gui to rest. Her story became part of moral theatre, teaching that acknowledgment of guilt is the only exorcism that endures.",,,,,,,,Spirit of wrongful death,,,
Zhizhu Jing,244,"In the vast web of Chinese demon tales, few spirits are as alluring and complex as the Zhizhu Jing - the Spider Spirit. Both feared and revered, she threads her way through legend as a weaver of destiny, a seductress, and at times, a protector. Her name combines zhizhu (spider) and jing (spirit or demon), a term used for supernatural beings who achieve awareness and power through centuries of meditation or vengeance. Unlike mere monsters, the Zhizhu Jing is born of patience and persistence - qualities that mirror both her human and arachnid halves.; Earliest tales trace her presence to the Strange Tales of Liaozhai Zhiyi and regional folklore of the Ming and Qing periods, where she often appeared as a woman of unmatched beauty living in isolation. She enticed men who trespassed into her domain, her charm disarming their reason. Only when the moonlight revealed her true form - the glistening abdomen of a giant spider - would they realize their doom. Yet, in some accounts, she spared those who showed kindness or sincerity, suggesting that within her monstrous form lay a heart capable of mercy.;Physically, the Zhizhu Jing is described with unsettling elegance. Her human face bears the serenity of a goddess, but her lower body betrays her origin: a spider with long, slender legs and a lacquered carapace that glimmers like jade or gold. Her silk is said to be magical - spun from emotion itself. When she weaves out of love, it shines with soft light and grants protection; when she spins from anger or jealousy, it traps souls and drains their life. Her duality embodies the balance between creation and destruction, both bound in the same thread.;Legends often intertwine her story with themes of forbidden love. In one famous account, a Zhizhu Jing fell in love with a scholar who recited poetry beneath her tree. For seven nights she listened unseen, weaving silk garments for him in secret. When her true form was discovered, he recoiled in horror, and her heartbreak poisoned the grove - the silk turned to ash, and she vanished into mist. This tale, often retold in shadow plays and opera, captures her tragic yearning for acceptance despite her monstrous nature.;Within Taoist and Buddhist cosmologies, spider spirits occupy an ambiguous realm. They are creatures of patience and artistry, embodying the virtue of focus but also the danger of obsession. Some sutras describe them as beings who fell from enlightenment through vanity, reincarnated as spiders to weave endlessly in pursuit of perfection. Others see them as guardians of karmic justice - weaving the invisible net that binds cause to effect, reminding mortals that every action spins a consequence.;In rural folklore, Zhizhu Jing took on a more protective role. Women prayed to her for dexterity in weaving and embroidery, leaving offerings of red thread or silk at the corners of their homes. Spiders found in the house were not killed but greeted as ""Little Grandmother"" - an incarnation of the Spider Spirit bringing good fortune. Her duality as both destroyer and benefactor reflected the moral rhythm of Chinese belief: that even demons may serve the Dao when in balance.; silk paintings, she appears draped in crimson veils, her spider legs concealed beneath trailing robes. In literature, she embodies the eternal tension between nature and desire - a being who seeks connection yet is fated to solitude. The Zhizhu Jing reminds us that love, like a web, can ensnare as easily as it shelters, and that what we fear most often mirrors the fragility of our own hearts.",,,,,,,,Spider spirit of deception,,,
Zhu huo Gui,245,"The stories of the Zhu Huo Gui begin not with its birth, but with its burning. In ancient villages, people whispered of a soul that rose from flames - a human consumed by fire whose spirit refused to die. The charred dead, it was said, could not pass through the gates of the underworld, for their bodies had been undone by that which purifies and destroys. The Zhu Huo Gui thus wandered between worlds, a torch of endless suffering, its very existence a contradiction: life trapped within fire.;Some tales place its origin in accident - a merchant's home set ablaze by a lightning strike, or a kitchen fire that devoured an entire family. Others hint at darker causes: an arsonist who perished by his own flame, or a vengeful ghost reborn through the fire that once took her life. Whatever its beginning, the Zhu Huo Gui is always tied to human neglect or cruelty, for fire in Chinese cosmology is not evil, only misused. When turned toward malice, it breeds spirits that burn without light - ghosts that seek neither warmth nor rest.;Eyewitness accounts describe a figure that glows faintly in the dark, flickering like a candle seen through fog. It moves in silence, yet its presence warms the air, sometimes so subtly that those who pass near it begin to sweat. The ghost's eyes are twin coals, its voice a low hiss like wood splitting in a hearth. When angered, it bursts into full flame, setting straw and wood alight, only to vanish as suddenly as it appeared. Yet where it walked, ash often forms into footprints, as if the earth itself remembers.;Temples once held rituals to appease such spirits, believing the Zhu Huo Gui to be both victim and warning. Monks would offer bowls of water and burned paper effigies, calling upon the fire god Zhurong to guide the lost soul to peace. In some Taoist traditions, these ghosts were said to gather around cremation sites or destroyed homes, unable to separate their essence from the heat that birthed them. Only water blessed at midnight could soothe their agony, and so villagers poured it at the thresholds of the newly dead to prevent fiery hauntings.;But the Zhu Huo Gui was not always seen as purely vengeful. In certain mountain provinces, its appearance was taken as an omen - a herald of drought or of the wrath of Heaven. When a ruler governed with cruelty or a temple neglected its sacred flame, witnesses claimed to see a burning figure walking the streets, silent and accusing. Scholars interpreted it as the spirit of moral consequence, the embodiment of human corruption illuminated in fire.;There are darker stories, too - of travelers drawn toward its flickering glow at night, mistaking it for lanternlight. By the time they reached the dancing flame, they found themselves surrounded by smoke that stole their breath, their lanterns extinguished by invisible heat. Survivors, if any, spoke of a shadow within the fire, weeping as it burned. To hear its cry was to feel one's own body fever with phantom heat, as if the spirit's pain sought companionship.;Poets of the Tang era gave the Zhu Huo Gui tragic dignity. They wrote of it not as a monster, but as a mirror of fate - the soul that refused oblivion, clinging to the spark of what once was life. ""The fire burns,"" one poet wrote, ""but it is the memory that sears."" Even now, the Zhu Huo Gui endures as a lesson etched in smoke: that passion, anger, and guilt are flames of their own kind, and that once kindled, they burn far beyond the body's end.",,,,,,,,Ghost born of Fire,,,
Bashe,246,"In the lush and haunted jungles of southern China, whispers tell of a serpent so vast it could swallow an elephant whole. The creature is called Bashe, its name translating simply as ""to swallow"" - a word that echoes like a hiss through centuries of fear. Ancient texts such as the Shan Hai Jing describe it as a monstrous snake living in the forests of Mount Daxia, a beast so immense that even the ground trembled beneath its coils. For those who glimpsed its shadow, survival was never guaranteed.;Unlike the dragons of Chinese legend, the Bashe is not divine. It belongs to the older, darker order of creatures born from untamed earth and bottomless hunger. Its power lies not in creation but in consumption. It feeds on elephants, beasts of might and size, and it does so in a single gulp - an image that ancient storytellers used to express the terrifying potential of unchecked appetite. The snake's skin was said to shimmer with damp luster, each scale marked like ancient bronze mirrors, glinting as though reflecting every life it had devoured.;A popular saying in the Han era warned travelers: ""When the river runs silent, the Bashe sleeps."" For the beast was not only a creature of the jungle but a spirit of stillness and ambush. It was said to wait beneath the canopy for days, unmoving, its scales blending with moss and bark. Then, with one thunderous motion, it struck - swallowing its prey so swiftly that even sound could not follow. Legends claim that when it digests an elephant, storms gather for three days, and lightning circles the mountains where it hides.;Some later scholars saw in the Bashe a metaphor rather than a monster. To them, it was the embodiment of human greed - the appetite that consumes without satisfaction, swallowing strength and wisdom alike. The philosopher Liu An, in his commentary on natural omens, wrote that when a Bashe appears, ""rulers will devour their people, and the land will tremble with imbalance."" Thus, the serpent's hunger became a mirror for tyranny, a natural omen of moral decay.;Yet not all regarded it with hatred. Certain Daoist sects treated the Bashe as a guardian of secret knowledge, a symbol of the eternal cycle of transformation. In consuming the elephant - a symbol of might and wisdom - the serpent was thought to absorb both, merging brute power with hidden insight. Its venom, believed to contain the essence of life and death, was sought by alchemists seeking immortality. A single drop, they said, could either destroy the body or transmute the spirit.;There are tales, too, of those who survived its presence. Hunters who found shed scales the size of shields and claimed they carried strange luck - bringing rain to parched fields or misfortune to those who kept them out of greed. The shimmering fragments were sometimes offered to mountain shrines, where priests burned incense to pacify the great serpent's spirit. They believed the Bashe was not evil but ancient, an elemental being older than men's words, whose hunger maintained balance in the wild.;Even in modern retellings, the Bashe remains a symbol of awe and caution. Some scholars have drawn parallels between it and the prehistoric titan snakes of distant lands, while storytellers still describe it coiling beneath rivers or deep ravines. In art, its image slithers through scrolls and temple carvings - not as villain, but as force. The Bashe reminds the living that appetite, whether of body or ambition, can both sustain and destroy. Beneath its glittering scales lies an ancient warning: that to swallow too much of the world is to drown in its silence.",,,,,,,,Elephant Devorer,,,
Jiangshi,247,"Moonlight reveals it first - a shadow that moves with no breath, no sound of footfall, only the dull thud of a stiff body leaping through the night. The Jiangshi, or ""hopping vampire,"" is one of China's most enduring terrors: a corpse that refuses to rest, animated by corrupted qi and a soul that has forgotten how to die. Both ghost and body, it is neither the living nor the dead, but something suspended in between, drawn by hunger, rage, and an ancient misunderstanding of life's boundaries.;The origins of the Jiangshi lie deep within Qing dynasty superstition, yet its roots stretch further into the philosophy of death itself. Taoist belief divides the soul into hun (spirit-soul) and po (body-soul). When death occurs in balance, the hun ascends while the po returns to the earth. But when that harmony is broken - by violent death, improper burial, or the interference of dark sorcery - the corpse may rise, driven by its earthly po, unaware that its human life has ended. Thus, the Jiangshi leaps into being: a creature powered by imbalance, sustained by the breath of yin energy.;Taoist priests traveling across provinces at night, guiding corpses home for burial by binding them upright and ""walking"" them through the dark. When lightning struck or the incantation failed, one corpse would rise, possessed by its own restless energy. The priest's chants turned to panic, and what was once a ritual became a haunting. In other stories, the Jiangshi is a person who died holding onto rage - a betrayed soldier, a greedy magistrate, a soul unwilling to surrender its grasp on the world.;Its body is unmistakable: stiff, unyielding, with skin pale or bluish from rot, fingernails hardened into claws. Because its joints cannot bend, it moves by hopping, propelled by an unnatural surge of qi through its limbs. The yellow talisman paper affixed to its forehead - written in cinnabar ink with Taoist incantations - serves both as seal and restraint, binding the creature's soul within its decaying form. If the charm is torn or fades with time, the Jiangshi regains awareness - a moment of tragic lucidity before the hunger for life overwhelms it again.;Contrary to Western vampires, the Jiangshi does not drink blood alone; it feeds on the vital essence - the qi - of the living. Victims describe the encounter as sudden paralysis, an icy grip, and a draining numbness as their spirit is consumed. The creature's breath is said to carry frost, and its presence darkens lanterns. Yet sunlight, rooster's crow, or the mirror's reflection can repel it, for these embody the order and clarity it has lost.;The Jiangshi represents life extended beyond nature's design - greed for longevity twisted into monstrosity. Many tales warn of alchemists who sought immortality through elixirs or necromancy, only to awaken as Jiangshi, condemned to unending decay. Others speak of filial devotion - families who could not let their dead go, performing forbidden rites that brought them back half-alive. In these versions, the creature's tragedy is not its hunger, but the love that refused to release it.;Taoist priests developed countless methods to subdue them: mirrors to confuse, peachwood swords to disrupt yin energy, and talismans inscribed with verses of the Dao De Jing to remind the wandering soul of its forgotten harmony. Even garlic and rooster blood found symbolic use, not for their chemical power but their purity of yang - a counter to the cold yin animating the corpse. Ritualists described these acts as restoring the cosmic rhythm, coaxing the ghost to rest rather than destroying it outright.",,,,,,,,Hopping Corpse,,,
Luo Shi Yaoguai,248,"At the heart of Henan's ancient legends flows the Luo River, a place once believed to be a mirror between worlds. There, where the current gleams like liquid glass, dwells the Luo Shui Yaoguai - the Demoness of the River Luo. She is said to be born from the river's sorrow, the lingering spirit of beauty drowned by betrayal, whose grief fused with the water until woman and current became one. Her name carries warning and wonder alike: yaoguai, a demon; yet Luo Shui, the sacred stream once praised by poets as the cradle of divine maidens.;The earliest whispers of her tale come from Han and Jin dynasty poetry, though transformed through centuries into darker shapes. Some say she was once a court lady unjustly accused and drowned beneath the palace bridge, her last breath mingling with moonlight and silt. Others claim she is the shadow of the goddess Luo Shen, corrupted by centuries of forgotten worship - the beauty who once embodied love now warped into envy by neglect. Whatever her birth, all agree that her laughter ripples through the mist and that her tears raise floods when the moon grows red.;Those who have seen her describe not a monster but an apparition of impossible grace. The Luo Shui Yaoguai appears as a young woman cloaked in flowing robes that merge with the river's surface, her hair drifting like waterweeds. When she weeps, the current turns cloudy; when she smiles, the surface glimmers with light brighter than dawn. Yet to meet her gaze is perilous - her eyes reflect the viewer's soul, revealing guilt, desire, and secrets that were meant to remain buried. Many who glimpsed their own reflection in her stare were said to walk into the water willingly, entranced by their own sins.;In Taoist cosmology, water is the element of memory, and so her power lies in remembrance. She gathers lost voices - those of the drowned, the forgotten, the betrayed - weaving them into the river's song. On moonless nights, travelers hear her whisper their names from the mist, and fishermen leave offerings of incense and rice wine at the riverbank to appease her. She is not purely vengeful; she guards those who respect her domain. But the arrogant and the cruel she drags beneath the water, their last cries silenced beneath the mirror surface that once reflected their vanity.;Temples once lined the banks of the Luo to honor her twin aspects - the Luo Shen of purity and the Luo Shui Yaoguai of vengeance. Priests warned that balance must be kept between worship and fear. During droughts, women prayed to her for rain, and when floods came, men burned talismans to seal her rage. It was said that when offerings of silk were floated upon the river and sank swiftly, her anger had been soothed. But when they drifted unclaimed, the villagers barred their doors, for she would walk that night.;Artists of the Tang and Song dynasties captured her dual nature in brush and ink - a river goddess with eyes like water and a serpent's smile. In later folklore, she was said to rise during the Ghost Festival, her voice echoing from the mist to guide lost spirits home, her form dissolving into countless droplets before dawn. Some claimed that on certain nights, when moonlight meets fog, her silhouette still glides along the riverbank, humming softly the melody of unfulfilled love.; Her legend endures because it speaks to the mirror we all fear to face - the reflection that shows both beauty and ruin.",,,,,,,,Demoness of the river of mirrors,,,
Hakutaku,,"Habitat: remote, holy mountains Diet: unknown; likely herbivorous Appearance: Hakutaku are wise chimerical beasts that resemble white oxen. They have nine eyes—three on their head, and three on each of their broad sides. They have a pair of horns above each set of eyes. Hakutaku live in remote mountains. They speak human languages and are knowledgeable about all things. They are extremely rare, only manifesting during the reign of a wise and virtuous leader. A hakutaku’s appearance is considered to be an extremely good omen. Interactions: Because of the incredible knowledge that hakutaku possess, paintings of them were popular in Japan during the Edo period. Hakutaku images and icons were kept as good luck charms and as wards against evil spirits, disease, and other y_kai. Because hakutaku know all, it was believed they repelled evil things. Origin: The hakutaku, like many other holy beasts, originally comes from Chinese legends. In China, it is known as the bai ze. Legends: Long ago, a hakutaku taught the Chinese emperor Huangdi (c. 2698–2598 BCE) the names of the various kinds of y_kai and monsters in the world. The emperor was performing an imperial tour of all his lands. In the east near the sea, he climbed a mountain, and there he encountered a hakutaku. The two spoke about a great number of things. The hakutaku told the emperor that in all of creation there were 11,520 different kinds of y_kai. The emperor recorded everything the hakutaku had said, which was preserved in a volume known as the Hakutaku zu (The Book of the Hakutaku). This encyclopedia recorded the names of every kind of y_kai along with what kind of evils they perform, the disasters they bring, as well as how to deal with them. Unfortunately, the Hakutaku zu was lost long, long ago. No surviving copies exist. However, fragments of it were copied into other texts, so bits and pieces of the hakutaku’s wisdom remain. While the hakutaku is most commonly associated with China, Japanese stories also exist. A legend from the end of the Edo Period describes a hakutaku encounter in Toyama Prefecture. It occurred on Tateyama, one of the tallest and holiest mountains in Japan. The hakutaku, called a kutabe in this legend, warned people that a deadly plague would soon sweep through the lands. The kutabe instructed them that anyone who painted its image and hung it in their home would be protected from sickness and harm. Since then, the hakutaku has been revered and even worshiped as a protective spirit of medicine.",,,,,,,,,,,
Kudan,,"Translation: nonewritten with characters that mean “human” and “cow” Habitat: farms, particularly in Ky_sh_ and western Japan Diet: never survives long enough to feed on anything but its mother’s milk Appearance: Kudan are prophetic creatures that take the form of cows with human faces. Very rarely, they also take the reverse appearance: a cow’s face on a human body. They are born from cows and can speak human languages. The birth of a kudan is believed to be an omen of some significant historical event. Behavior: Kudan are born with the ability to speak. Just after birth, a kudan will deliver one or more prophecies. The content of their prophecies varies. Sometimes kudan speak of great harvests or terrible famines. Sometimes they foretell plagues, droughts, or other disasters. Sometimes they predict terrible wars. Whatever it is, the prophecy of a kudan never fails to come true. Tragically, a kudan always dies soon after speaking its prophecy. Origin: Kudan are a relatively recent y_kai, having entered the public consciousness near the end of the Edo Period. This was an era of great social and political upheaval. The fall of the sh_gunate and the restoration of imperial authority, combined with the rapid changes brought about by the opening of trade with the West caused widespread uncertainly and turmoil throughout Japan. During this time, stories of kudan being born were published in newspapers across the country. Among the events predicted by kudan are the Russo-Japanese War and the Pacific War. Because of their uncanny ability to see the future, the word of a kudan was viewed as absolute truth. During the Edo period, newspapers looking to add emphasis to a story would include the words kudan no gotoshi, or, “just as if a kudan had said it” to their articles. This phrase is still used today as a way of assuring readers of the veracity of a story. Because of their reputation for honesty, images of kudan were used as talismans for good luck, prosperity, and protection from sickness and disaster. Newspapers advised their readers to hang the printed images of kudan in their houses for protection and good fortune. Kudan were such popular y_kai that their taxidermized remains were often carted around in traveling sideshows. These objects were made of stillborn deformed calves, or of different animal parts stitched together to create a chimera-like stuffed animal. Audiences could pay a small fee to peek at these specimens and receive some of their good luck. A few of these preserved kudan survive in museums today. ",,,,,,,,,,,
Kotobuki,,"Alternate names: j_ Habitat: unknown; supposedly lives in India Diet: unknown; likely herbivorous Appearance: The kotobuki is an auspicious chimerical beast whose body is made up of parts from the twelve animals of the Chinese zodiac. It has the head of a rat, the ears of a hare, the horns of an ox, the comb of a rooster, the beard of a sheep, the mane of a horse, the neck of a dragon, the back of a boar, the shoulders and belly of a tiger, the front legs of a monkey, the rear legs of a dog, and the tail of a snake. A number of alternate versions exist as well, swapping the body parts for different zodiacal animals. Origin: The kotobuki first appeared in the Edo Period. Woodblock prints of it were popular gifts. Little explanation about the creature was included in these prints, other than that it was said to come from India and could understand human speech. Merely possessing an image of the kotobuki was believed to protect a person from sickness and disease and bring good fortune to their home. Good luck charms featuring the various animals of the zodiac were popular in the Edo Period, especially during the New Year season. While it is traditional to give presents and display artwork with the new year’s zodiac sign on it, an image with all twelve zodiac signs was even luckier. Even without any explanation, people recognized the twelve zodiac animals hidden in this beast. Furthermore, the word kotobuki connotes celebration and congratulations. This made the kotobuki instantly identifiable as a powerful and auspicious creature. Sh_ Chiku Bai While the twelve animals of the zodiac are instantly recognizable as lucky images, it isn’t only animals which have that symbolism. Plants are used in the same way too. During the winter, the three most common auspicious plants are pine ( sh_), bamboo ( chiku), and plum ( bai). They are known as saikan no sany_ (the three friends of midwinter) due to the fact that they remain healthy even in the cold of winter. This makes them perfect for New Year decorations. Botanical displays called kadomatsu which decorate the front doors of shops and houses are made of these three plants. The sh_ chiku bai motif has been used since the Heian Period in clothing, paintings, greeting cards, product packaging and just about every other form of art that exists. These plants, like the kotobuki, are recognizable as symbols of prosperity and congratulations.",,,,,,,,,,,
My_bu,,"Nigawarai __ Translation: bitter smile Habitat: human-inhabited areas Diet: cynicism and ill-will Appearance: Nigawarai are large, ugly y_kai with horns and green-tinged, hairy bodies. They wear dirty rags. Their hairy mouths are twisted into what looks like a forced smile. Their hands end in sharp, poisonous claws which can paralyze small animals. Behavior: Nigawarai are created out of the negative feelings of human beings—particularly ill-humor and forced, feigned amusement. As their name suggests, they are related to the uncomfortable smiles that people make when trying to hide feelings of discomfort. They cause ill-will, disgust, and encourage arguments among those around them. They both feed off and spread these negative feelings. Interactions: The poison from a nigawarai’s claws can be used in cooking, which makes food terribly bitter. However, it also has the ability to cure stomach pain. This makes nigawarai a useful y_kai for medicinal purposes. Origin: The earliest references to nigawarai go back to the Muromachi period where they appear in long picture scroll paintings depicting the night parade of one hundred demons. The monsters in these scrolls appeared with no descriptions, so the artist’s original intentions for this y_kai are unknown. Over the centuries, nigawarai was copied over and over onto other y_kai scrolls. Later artists invented its name and came up with its description. Through the work of numerous artists over many years, nigawarai gradually evolved the traits that it is known for today.",,,,,,,,,,,
Nigawarai,,"Translation: bitter smile Habitat: human-inhabited areas Diet: cynicism and ill-will Appearance: Nigawarai are large, ugly y_kai with horns and green-tinged, hairy bodies. They wear dirty rags. Their hairy mouths are twisted into what looks like a forced smile. Their hands end in sharp, poisonous claws which can paralyze small animals. Behavior: Nigawarai are created out of the negative feelings of human beings—particularly ill-humor and forced, feigned amusement. As their name suggests, they are related to the uncomfortable smiles that people make when trying to hide feelings of discomfort. They cause ill-will, disgust, and encourage arguments among those around them. They both feed off and spread these negative feelings. Interactions: The poison from a nigawarai’s claws can be used in cooking, which makes food terribly bitter. However, it also has the ability to cure stomach pain. This makes nigawarai a useful y_kai for medicinal purposes. Origin: The earliest references to nigawarai go back to the Muromachi period where they appear in long picture scroll paintings depicting the night parade of one hundred demons. The monsters in these scrolls appeared with no descriptions, so the artist’s original intentions for this y_kai are unknown. Over the centuries, nigawarai was copied over and over onto other y_kai scrolls. Later artists invented its name and came up with its description. Through the work of numerous artists over many years, nigawarai gradually evolved the traits that it is known for today.",,,,,,,,,,,
Donotsura,,"Alternate names: akahadaka Habitat: unknown Diet: as a human Appearance: D_notsura’s body appears much like that of a human’s, except that it is missing everything from the neck up. Its extremely large facial features are prominently displayed on its torso, as its name implies. Origin: D_notsura appears on y_kai picture scrolls, but only in name and image. Like many y_kai originating in picture scrolls, no stories or descriptions from folklore exist to explain what it does or where it comes from. However, its most likely origin is from a play on words. There is an expression in Japanese— dono tsura sagete—which is used to scold a person who is inappropriately unashamed when they should be too embarrassed to show their face. The figurative meaning of this idiom is to lower a mask over one’s face (as in, “How dare you come here wearing that face!”). D_notsura seems to be a stricter interpretation of this idiom; its face has been literally lowered down to his torso.",,,,,,,,,,,
Shumoku musume,,"Translation: hammer girl Habitat: mountain passes and lonely roads Diet: unknown Appearance: Shumoku musume looks like a human girl with one exception: she has a bald head with long eyestalks protruding from the sides of her head, causing her to resembling a hammerhead shark or a slug. Her eyestalks end in enormous, round eyeballs. She wears a furisode kimono—a style worn by young, unmarried women. Origin: Shumoku musume is not a major y_kai yet her image is fairly well known. This is because she was included in obake karuta, a y_kai-themed version of a popular children’s card matching game. Although no story accompanies her in obake karuta, her card says that she jumps out to scare travelers in the Usui Pass separating Gunma and Nagano Prefectures. The word shumoku refers to the wooden hammers used to ring temple bells. It is the same word that gives hammerhead sharks their Japanese name: shumokuzame. It is possible that shumoku musume is actually the tsukumogami of a bell hammer, but it is not clear. Her name may be a reference to the shape of her head and nothing else. Spooky Card Games Karuta is a playing card game which was invented in the 16th century. It is a competitive game between two or more players, with one more person acting as a reader. The cards are laid out on the floor with their images facing up. The reader recites a proverb, while each player searches for the corresponding card and tries to take it before the other players can. Whoever collects the most cards wins. During the Edo period, a variation of karuta known as obake karuta became popular. Each obake karuta card has a picture of a y_kai and a single hiragana character on its front. Rather than proverbs, the reader gives clues which describe the y_kai and correspond to the hiragana character on the image. Obake karuta was especially popular among children because of its subject matter and as a tool for teaching reading.",,,,,,,,,,,
Kanazuchibo,,"Translation: hammer monk Alternate names: daichi uchi (earth striker), _ari (giant ant), yari kech_ Appearance: Kanazuchib_ is an odd-looking y_kai which has been depicted in several different ways by different artists. It usually has long flowing hair, big buggy eyes, and a beak-like mouth. Sometimes it appears bird-like, while other times it is a grotesque, misshapen goblin-like creature. It holds a large mallet over its head, ready to strike another y_kai. Origin: A mallet-wielding y_kai appears in many of the earliest y_kai picture scrolls with no name or description. Various names like kanazuchib_ and daichiuchi were invented during the Edo period. No description of kanazuchib_’s behavior was ever recorded. Many y_kai scholars have made guesses at its true nature. It may be a spirit of cowardice. Its posture and its hammer evoke the proverbs “to strike a stone bridge before crossing” (i.e. to be excessively careful before doing anything) and “like a hammer in the water” (i.e. to stare at the ground and watch your steps; walking like a hammer in a river, with its heavier head sinking below the surface, and its lighter wooden handle floating above it). Perhaps this is a y_kai which haunts cowards. Or perhaps it turns people into cowards when it haunts them. Toriyama Sekien included a version of kanazuchib_ in his book Hyakki tsurezure bukuro. He re-imagined it as a tsukumogami born from a keyari—a hairy spear used as decoration and in parades. He dubbed this y_kai it yari kech_, or “spear hair chief.” Okka __ Translation: a baby-talk corruption of obake (monster) Alternate names: akaheru, chikarakoko, gamanoke (frog spirit); countless others Appearance: Okka is a small, bulbous y_kai. It is a round, bright red creature with big eyes, two clawed feet, and a diminutive tail. There are many variations of this y_kai, separated by minor differences in color, number of appendages, facial features, and hair. Origin: Okka appears in many old y_kai picture scrolls. Since it was originally unnamed, countless names have been invented to describe this y_kai. The word okka is a baby-talk variation of obake, a generic term ghosts and monsters. There is an established pattern of monsters being named in baby-talk; waira, otoroshi, gagoze, and uwan are all thought to be baby-talk variations of local words for scary things. Based on its appearance, some scholars have suggested that okka may be a frog spirit. It has also been suggested that okka may be a tsukumogami, as it appears alongside other tsukumogami in paintings. Though it was never given a name or an explanation, okka remains a common sight in y_kai picture scrolls. It is frequently the target of kanazuchib_’s hammer. However, this may be no more than a coincidence. Painters frequently copied y_kai straight from earlier scrolls, and without any description there is no way of knowing if the original painting of okka was placed with kanazuchib_ for a specific reason or only because they looked amusing together. 28",,,,,,,,,,,
Sunekosuri,,"Translation: shin rubber Alternate names: sunekkorogashi, sunekkorobashi, sunekajiri Habitat: human-inhabited areas Diet: omnivorous Appearance: Sunekosuri are small, mischievous spirits from Okayama Prefecture. They appear on rainy nights in streets and alleys where people travel. They are most often described as dog-like in appearance, though they are occasionally said to resemble cats. Interactions: Sunekosuri run up behind people who are walking on dark, rainy nights. They rub against their shins, weave in and out of their legs, nuzzle against the knees, and otherwise make it difficult to walk. Although their nuzzling is often aggressive enough to make a person stumble or even fall, sunekosuri do not intentionally harm humans. A few local variations of this y_kai are slightly more dangerous. Sunekkorogashi and sunekkorobashi both mean “shin toppler.” Sunekajiri means “shin biter.” Although not malevolent like other kinds of y_kai, these spirits are blamed for the occasional tumble, and ensuing bruises or bloody noses. Origin: Sunekosuri is a relatively modern y_kai. It did not appear in writing until Sat_ Seimei’s 1935 y_kai encyclopedia Genk_ zenkoku y_kai jiten, although it is impossible to tell how far back oral traditions go. Despite its newness, it has appeared a number of times in manga and film. Due to its cute depictions and pet-like nature it has become a well-known and well-loved y_kai.",,,,,,,,,,,
kosamebo,,"Habitat: mountain roads Diet: as a human; likely follows a monk’s diet Appearance: Kosameb_ are y_kai which look like Buddhist monks. They loiter about empty mountain roads at night. As their name implies, they only appear during nights when light rain is falling. Interactions: Kosameb_ accost travelers and beg for alms like spare change, spare food, or bits of millet to eat. Though frightening, disturbing, and perhaps a bit annoying, they do not pose any serious danger to humans. Origin: Kosameb_ is described by Toriyama Sekien in his y_kai encyclopedia Konjaku hyakki sh_i. Sekien describes them as appearing on the roads going through Mount Omine and Mount Katsuragi, two holy mountains in Nara Prefecture with popular pilgrimage trails. They are also part of the local folklore of the Tsugaru region of Aomori Prefecture.",,,,,,,,,,,
Minobi,,"Translation: raincoat fire Alternate names: minomushibi, minoboshi; varies widely from place to place Habitat: wet rural areas Appearance: Minobi are phenomena that appear on rainy days in rural areas, particularly during the rainy season. Often, they appear near bodies of water such as rivers or lakes like Lake Biwa in Shiga Prefecture. Minobi begin as a number of tiny fireballs which glow like fireflies. They float about in the air and gather in large numbers. Interactions: Minobi get their name from a tendency to gather around people wearing mino (traditional straw raincoats). They stick to raincoats and begin to burn. When someone attempts to brush off or swat out the fire, instead of going out, the minobi multiplies. The fire grows larger and larger until eventually the person is forced to strip off the raincoat and leave it on the road. Origin: Minobi are found all over Japan, although often by different names and blamed on different culprits. Sometimes this phenomenon is thought to be caused by natural gas escaping from the ground (as it is with other mysterious fireballs like onibi and kitsunebi). Most often it is said to be the work of mischievous kitsune, itachi, or tanuki. Because they appear more frequently during the rainy season, sometimes minobi are believed to be fireflies or other insects such as the minomushi (bagworm moth).",,,,,,,,,,,
Ushirogami,,"Translation: the spirit behind you Habitat: haunts cowardly people Diet: thrives on its victims’ fear Appearance: Ushirogami look like ghosts with long black hair, white kimono, and no feet. They have long, twisting bodies which allow them to leap high into the air. A large, single eyeball is located on the top of their heads. Interactions: Ushirogami’s favorite tactic is to scare people by leaping out and appearing right behind them. This is how they get their name. They tug on the hairs on the back of a person’s neck and then vanish when that person turns around to see what touched them. Other pranks that ushirogami enjoy include placing icy cold hands or breathing hot breath onto the necks of their victims. Sometimes they call up strong gusts of wind to blow umbrellas away. Ushirogami particularly like going after cowardly young women walking alone at night. They sneak up behind the women and untie their hair, causing it to fall all over the place. Or they run their hands through the women’s hair and mess it around, tangling it up. Origin: Ushirogami are thought to be a kind of okuby_gami—spirits that causes cowardice, or that specifically target cowardly people. Their name comes from the words ushiro (behind) and kami (spirit). However, there is a hidden pun in their name: kami can also mean hair, so ushirogami can also mean the hairs on the back of your neck. The phrase ushirogami wo hikikaeru (“to have the hairs on the back of your neck pulled”) means to do something with painful reluctance. It describes a person who must do something that they really don’t want to do. As they search for some way out of their task, they turn around and look behind them as if the hairs in the back of their head were being pulled on. The pun is that the ushirogami (spirit) is pulling on your ushirogami (hair), causing you to become cowardly and not want to do something. Thus, ushirogami could be described as both external entities which cause fear and as the internal personification of your own cowardice or reluctance.",,,,,,,,,,,
Kazenbo,,"Translation: monk before the fire Habitat: Toribeyama, a mountain in Ky_to Diet: none; it is fueled only by its attachment to this world Appearance: Kazenb_ are ghostly apparitions which resemble burnt monks wreathed in flames. They appear on Toribeyama, a mountain in Kyoto which has been used as a burial site since the Heian Period. Behavior: Kazenb_ occasionally appear before travelers on Toribeyama. They don’t do anything harmful and their fires are not hot, but their horrific appearance is disturbing. They materialize, suffer and writhe in flames which never completely consume them, and disappear. Origin: During the Heian Period, Toribeyama was an important burial ground and cremation site, especially for the city’s nobility. In times of major epidemics, the bodies of those who died from disease were cremated there. The smoke rising from the mountain from all the bodies being burned was said to be unending. Towards the end of the 10th century, a number of monks decided to offer themselves up in ritual sacrifice by fire. They believed that in doing so, they would rid themselves of their worldly attachments along with their bodies, and thus achieve enlightenment. The ceremony was open to the public. A large number of people came to witness. The event proceeded as planned; the monks sacrificed their bodies in the fire. However, a number of these monks did not actually pass on to nirvana. Instead, their souls remained on earth, bound to where they died. They must not have been able to truly give up their attachments to the material world. Ever since, their doomed ghosts have haunted Toribeyama, appearing as ghostly beggar-monks wreathed in the fires of ignorance and sin. Buddhism and Y_kai In Buddhism, the root sin from which all others are born is attachment. Specifically, attachment to the impermanent, material world. This covers things like wealth and power, but also the perception that our bodies are not separate from our consciousness. Thus, attachment to our physical selves and even our lives is a kind of ignorance. Our attachments serve as an impediment to reaching enlightenment. A person who is able to completely detach his or herself from this ignorance would no longer be reincarnated after death but would achieve nirvana—a state of freedom from suffering and rebirth. A person who is unable to relieve his or herself from attachment is doomed to be reborn over and over again eternally. When that attachment is particularly strong, a person might be reincarnated not as a human, but as a ghost or a demon. A great deal of y_kai are born this way—former humans, now doomed to suffer as wretched monsters until their souls can be redeemed.",,,,,,,,,,,
Yonaki Baba,,"Translation: night-weeping hag Alternate names: nakibab_ Habitat: human-inhabited areas; loiters outside of homes and temples Diet: feeds off of others’ sadness Appearance: Yonaki bab_ look like old women with scraggly, unkempt hair and plain robes. They haunt families which have been recently struck by tragedy. Behavior: Yonaki bab_ remain outside of the houses of the bereaved and weep loudly through the night. They are attracted by the sadness of those within. Although they appear to be sharing in the sadness, it is said that they in fact weep out of scorn, mocking those who truly grieve. Interactions: A yonaki bab_’s weeping is contagious. Those who hear it cannot help but weep as well. Yonaki bab_ often return to the same house over and over for many nights. Families which are repeatedly visited by yonaki bab_ invariably fall to ruin. Origin: Because yonaki bab_ appearances are often precursors to the ruin of an entire family, it has been suggested that yonaki bab_ may belong to a class of spirits called yakuby_gami—kami of bad luck and misfortune. These spirits inflict sickness and suffering wherever they go. Before modern medicine, plagues and natural disasters were thought to be the works of yakuby_gami. Conversely, it has been suggested a yonaki bab_’s arrival may be a divine warning that disaster is near. Rather than bringing disease and ruin herself, a yonaki bab_ may be a kind of divine herald with the duty of warning humans that misfortune, sickness, and death are on the way.",,,,,,,,,,,
Amazake Baba,,"Alternate names: amazake banb_ Habitat: dark, snowy streets; particularly in northern urban areas Diet: amazake and sake Appearance: Amazake bab_ are y_kai from northeastern Japan which appear like haggardly old women. They are practically indistinguishable from ordinary old women, which makes them difficult to recognize as y_kai—until it is too late. Interactions: Amazake bab_ appear on snowy winter nights, traveling from house to house. They knock on doors and call out, “Might you have any amazake (a sweet, low alcohol content form of sake)?” Those who answer, whether yes or no, fall terribly ill. According to superstition, it is possible to keep amazake bab_ from your house by hanging a cedar branch over the door. A variation of amazake bab_ from Yamanashi prefecture is called amazake banb_. They travel from house to house trying to sell sake and amazake. The consequences of replying to one are the same as with an amazake bab_, but the way to keep them at bay is slightly different. They will leave you alone and go on to the next house if you hang a sign at the front door that says, “We do not like sake or amazake.” Origin: Long ago amazake bab_ was considered to be a spirit of disease—specifically smallpox. During smallpox outbreaks, there were large increases in amazake bab_ sightings in major urban centers across Japan, not just in the northeast. Rumors of old women roaming the streets at night selling sake and spreading sickness were rampant in large cities such as Edo, Ky_to, _saka, and Nagoya. Fear of smallpox was a major concern in urban centers and contributed to the popularity of amazake bab_ rumors. Since the eradication of smallpox, amazake bab_ has been downgraded from a spirit of smallpox to a spirit of the common cold. Statues of amazake bab_ can be found in large cities. Parents visit these statues to leave offerings of sake and amazake in hopes that their children will not become sick.",,,,,,,,,,,
Tsurara onna,,"Translation: icicle woman Alternate names: tsurara ny_b_, shigama ny_b_, suga ny_b_, kanek_ri ny_b_ Habitat: snowy areas; only seen during winter Diet: loneliness; can also eat ordinary food Appearance: Tsurara onna are born from the loneliness of single men during the winter. They appear as exceptionally beautiful human women. When the winter snows melt and icicles can no longer be seen hanging from roofs, tsurara onna disappear along with the cold weather. Interactions: Despite their icy origins, tsurara onna are warm and loving spirits. They often fall in love with and even marry humans—however these marriages always end in tragedy. The beautiful bride vanishes when the spring comes, leaving her lover confused and heartbroken. Because they look and behave like human women, it is difficult to identify a tsurara onna. One telltale sign is an unwillingness to enter a bath. Stories tell of women who refuse to take a bath despite their husbands’ constant pressuring. Eventually, they relent and enter the bath. After that, these wives are never seen again; all that remains are a few shards of ice floating in the tub. Legends: Long ago in Echigo Province, a young man gazed out his window on a snowy winter night. As he wistfully admired the scene, he wished that he could find a wife as beautiful as the icicles hanging from his roof. Suddenly, there was a knock at his door. A woman’s voice called out, as beautiful and clear as ice: “Hello! I was traveling along this road, but the snow is too heavy, and I can journey no further. Might I stay for the night?” The woman’s face was as beautiful as her voice. The young man welcomed her inside and worked hard to make sure her stay was as comfortable as possible. Several months later, the woman was still staying at the house. She had forgotten about her journey altogether. The woman and the young man fell deeply in love and got married. One morning the young bride went out shopping. She did not return. The young man waited for her night after night. He asked everyone he knew if they had seen his wife. Nobody had. He searched all around. There was no sign of her. Eventually the snows melted, the plum blossoms bloomed, and spring arrived. His heart was broken, but he forced himself to accept that his bride had left him. Later that year, he married a young woman from his village. The following winter, the young man found himself looking out the window at the long icicles hanging from his roof. Suddenly, there was a knock at the door. His beautiful bride from the previous winter was standing outside of his house. He was shocked. “I searched for you every day! Why did you vanish without a word?” he cried. The woman replied coldly, “We promised to love each other forever. You said that our bond was as long and as solid as the beautiful icicles hanging from your roof. Yet, you remarried so quickly!” She turned and left with a sad look on her face.",,,,,,,,,,,
Oshiroi bab_,,"Translation: face powder hag Alternate names: oshiroi b_san Habitat: dark streets at night, particularly near snowy mountains Diet: unknown Appearance: Oshiroi bab_ are ghastly old hags who appear near the end of the year in mountainous areas. They are accompanied by a telltale jara jara sound, as if someone were dragging a mirror while hobbling through the streets. Their backs are hideously twisted, bent like an old woman who has had a lifetime hard work. They carry a cane in one hand, a sake bottle in the other, and wear a broken straw hat. Their most defining feature is their wrinkly old face which is caked with thick, sloppy, white face powder. Interactions: Oshiroi bab_ don’t interact with humans often. For the most part, their looks alone are awful enough that anyone who sees them quickly runs away. They occasionally accost people, demanding makeup or trying to buy sake. In this way they resemble other old hag y_kai who wander the streets at night, such as amazake bab_. However, unlike most other hags, oshiroi bab_—while ugly and scary—are not dangerous. Origin: According to some local legends, oshiroi bab_ are a kind of yuki onna who descend from mountains into villages on snowy nights. Other legends say that they are more similar to yama uba, who occasionally demand makeup from travelers or appear at the bases of mountains to buy alcohol. According to Toriyama Sekien, oshiroi bab_ serve as the attendants of Shifun Senj_, the goddess of rouge and makeup. White Faces, Black Teeth The artwork of the Edo Period is well known for its depictions of women wearing distinctive makeup. The palette of this time consisted of three basic colors: white, red, and black. The whiten the face, a lead-based pigment called oshiroi was applied thickly with a brush. The whiter the better. The lips, cheeks, and fingernails were colored red using a pigment made from safflowers. Upon getting married, women would blacken their teeth by swishing in their mouths a concoction made from vinegar and iron filings—a style called ohaguro. Upon giving birth to her first child, a woman would shave off her eyebrows, and would sometimes paint a new set of fake eyebrows high up on her forehead. Y_kai are often depicted wearing excessive amounts of makeup. Picture scrolls show ogrish women applying thick white makeup and smiling with mouths full of black teeth. And there are y_kai—like oshiroi baba and ohaguro bettari—who are named for these makeup styles. It seems that even ghosts and spirits were not exempt from fashion trends.",,,,,,,,,,,
Oshiroi bab_,,"Translation: snake bones hag Habitat: Bukan, a mythical country far to the west Diet: as a human Appearance: Jakotsu bab_ is a scary old hag and a shaman with the power to control snakes. She is described as carrying a blue snake in her right hand and a red snake in her left. Behavior: Very little is recorded about Jakotsu bab_’s history or life. Her behavior is the subject of speculation by storytellers. She supposedly lives near a place called “the snake mound.” She scares those who wander too close to her home by attacking them with her snakes. Origin: It’s not quite clear where this y_kai originally comes from. She was recorded in 1780 by Toriyama Sekien in his book Konjaku hyakki sh_i. Because she carries two snakes, Sekien speculated that Jakotsu bab_ originally came from the mythical country of Bukan (also called Fukan; known as Wuxian in Chinese). The race of people who lived in Bukan were shamans, and they used snakes prominently in their divinations. Bukan is recorded in the Sengaiky_ (Chinese: Shan hai jing), which Toriyama Sekien uses as his source for this record. It was supposedly located far to the west, past China on the Asian continent. According to Sekien, long ago there was an important man in Bukan named Jagoemon who lived in a place known as “the snake mound.” His wife was known as Jagob_ (i.e. “Jago’s wife”). Over time, her name was corrupted into Jakotsu bab_. Jagoemon is not a famous historical or mythical figure, so Sekien’s reference may have been invented for fun. Prior to Konjaku hyakki sh_i, the name jakotsu bab_ appears as a vulgar slang word for an old woman in various pulp fiction and kabuki plays of the 1760s and 1770s. Some scholars believe that Sekien may have taken a popular buzzword of his time, transformed it into a y_kai, and attached a simple backstory.",,,,,,,,,,,
Uwabami,,"Translation: giant snake, great serpent Alternate names: orochi, daija Habitat: wilderness Diet: carnivorous; gluttonous and very fond of alcohol Appearance: Uwabami are enormous serpents. Apart from their incredible size, they closely resemble ordinary snakes. They make their homes in the wilderness, far from civilization. Behavior: Uwabami are capable of eating things that are much larger than their bodies, and in quantities that seem like more than they should be able to eat. They are also extremely fond of drinking and can consume huge quantities of sake. They can shape-shift into objects and creatures, including humans. Floods and rock slides are often blamed on evil uwabami. Origin: Snakes have been a part of folklore since prehistoric times. They are symbols of life, death, and eternal youth—the shedding and re-growing of their skin was viewed as a magical ability. Because they can slip into the tiniest cracks, penetrating deep, dark places inaccessible to humans, they were seen as tenacious and clever creatures. The word uwabami is slang for a heavy drinker. The comes from the uwabami’s legendary fondness for sake and its ability to drink more than a creature as large as it should be able to. Legends: Long ago, an uwabami lived in _numa Lake of Shinano Province. Every year he would transform into a handsome young man and visit the mountains to see the cherry blossoms. One spring, he saw a beautiful young woman alone under the blossoms. She was Kuro hime, daughter of the powerful lord Takanashi Masamori. Kuro hime also spied the handsome man who was watching her and found him irresistible. They became acquainted and soon fell in love. The uwabami traveled to Masamori’s castle. He introduced himself as the great snake of _numa Lake, guardian deity of the Shiga Highlands. He professed his love for Kuro hime and asked the lord for her hand in marriage. Masamori immediately refused. The uwabami did not give up and returned every day to ask for Kuro hime’s hand. Finally, Masamori gave his conditions: “If you can keep up with me on horseback and complete seven laps around my castle, I will give you my daughter.” The uwabami agreed. Masamori devised a plan to kill the creature. He had his servants plant swords in the grass all around the castle. When the race began, Masamori spurred his horse into action. The uwabami could not outride the lord, so he transformed into a snake to keep pace. The swords planted around the castle pierced and tore his body. Masamori was an expert rider and knew where the swords were hidden so he easily avoided the traps. When they had completed seven laps, the uwabami’s body was ragged. Rivers of blood flowed from his wounds, and he collapsed. Masamori’s trap had worked. When the uwabami awoke, he realized that he had been tricked. He returned to his lake and summoned a storm, the likes of which had never been seen. _numa Lake swelled and overflowed, flooding everything around. Houses were knocked down, fields were flooded, villages were washed away. No humans or animals escaped a",,,,,,,,,,,
_mukade,,"Translation: giant centipede Alternate names: mountains and caves; any dark and humid place big enough to hold it Habitat: large mountains and deep forests Diet: carnivorous Appearance: _mukade are monstrous mukade ( Scolopendra subspinipes)—centipedes with dark bodies and bright orange legs and heads. They are often depicted with dragon-like features. While ordinary mukade can grow up to 20 cm in length, the upper size limit on y_kai mukade is unknown. Behavior: Like their smaller relatives, _mukade are vicious and highly aggressive. The bite of a regular mukade is venomous and extremely painful, but rarely fatal. _mukade, on the other hand, are much more venomous and powerful. They have even been known to attack dragons. An _mukade’s exoskeleton is so tough that it can’t be pierced by weapons. They have one weakness—human saliva is toxic to them. A weapon coated in saliva is able to pierce through its armor and wound it. Interactions: _mukade encounters are extremely rare. However, when they happen they pose a threat to all in the area. Throughout history, the responsibility of exterminating these monsters has fallen on the shoulders of brave warriors. Legends: There is a famous bridge in Shiga Prefecture known as Seta no Karahashi. Long ago, a great serpent appeared on the bridge and would not move. The villagers were too afraid to approach the serpent, and so they could not cross. One day, the brave warrior Fujiwara no Hidesato came to the village and learned of the serpent on the bridge. He feared nothing so he crossed the bridge, trampling over the serpent’s great body with his heavy feet. It slithered back into the lake. The bridge was clear again. That night, a beautiful woman visited Hidesato. She introduced herself as the daughter of the dragon king of Like Biwa. The dragon king had sent her to Hidesato to ask for his help. Her family was being tormented by an _mukade who lived on Mount Mikami. She believed that Hidesato was a brave warrior who had trampled her so fearlessly. Hidesato agreed to help the dragon king. He took up his sword and his bow and headed to the mountains. Upon reaching Mount Mikami, Hidesato saw an enormous centipede coiled around its top. It was so long that its body wrapped around the mountain seven and a half times. He fired his arrows at it until only one arrow remained but he was unable to pierce the beast’s armor. Hidesato coated the tip of the arrow in his saliva. He said a prayer to Hachiman, the god of warriors. This time his arrow struck true. He brought down the _mukade. The dragon king’s daughter was so grateful to Hidesato that she rewarded him with marvelous gifts: a bag of rice which never became empty no matter how much rice was taken from it; a roll of silk which never ran out no matter how much was cut from it; a cooking pot which always produced the most delicious food without the need for fire; and a large temple bell, which Hidesato donated to Mii-dera. The grateful dragon king also taught Hidesato the secret to defeating Taira no Masakado, a rebel whom Hidesato had been ordered to defeat by the emperor.",,,,,,,,,,,
Daidarabotchi,,"Translation: giant; literally “Big Tar_ the priest” Alternate names: daidarab_, daidab_, daidara h_shi, daitar_b_, deidarabotchi, dairanb_, dendenbome, reirabotchi, _ki bochabocha; many others Habitat: mountains all over Japan Diet: omnivorous Appearance: Daidarabotchi are colossal humanoids which resemble bald-headed priests. They have big rolling eyes, long, lolling tongues, and pitch-black skin. They share similarities with other giants like _ny_d_ and umi b_zu, but they are by far the largest giants found in y_kai folklore. Behavior: Daidarabotchi are so large that their movements shape the world. They build mountains by piling up rocks and dirt. They pick up and move mountains to other places. When they walk, they leave lakes and valleys in their footprints. Many places across Japan are reported to have been made by daidarabotchi. Some are even named after them. Origin: Some of the oldest folk stories in Japan are legends of giants. Because of this, daidarabotchi have countless regional name variations. Most of them are local variations of the same theme: a giant priest. However, priest is often used as slang and doesn’t necessarily refer to members of the clergy. Similarly, the name Tar_ is such a common Japanese name that it is often used as a placeholder name and does not refer to an actual person. So, while daidarabotchi can be translated as “Big Tar_ the priest,” it is more of a figurative name than a literal one. Legends: Mount Fuji is said to have been made by a daidarabotchi. The giant scooped and dug up all the dirt in Kai Province (Yamanashi Prefecture) to make the mountain, and that is why the area around Mount Fuji is a large basin. When he ran out of dirt, he gathered more by digging in Omi Province (Shiga Prefecture). The area he dug there became Lake Biwa. The towns of Daita in Setagaya, T_ky_ and Daitakubo in Saitama are named after daidarabotchi. Both places are said to have been formed by daidarabotchi long ago. Daizah_shi Pond in Nagano Prefecture is another form of daidarabotchi and is believed to have been created by one. Senba Lake in Ibaraki Prefecture is also said to fill the footprint of a particularly large daidarabotchi. The Takabocchi Plateau in Nagano’s Yatsugatake quasi-national park is said to have been formed when a daidarabotchi lay down to rest his back for a bit.",,,,,,,,,,,
Onikuma,,"Translation: demon bear Habitat: mountains and forests Diet: omnivorous Appearance: Onikuma are bears which have lived an extraordinarily long time and transformed into y_kai. Onikuma continue growing beyond even the largest ordinary bears. They walk on two legs and are big enough to pick up cows and horses. They can easily move boulders than ten men could not budge. They are so powerful that they can crush a monkey in the palm of their hand. Behavior: Onikuma behavior is similar to ordinary bears. They live deep in the mountains, far away from humans. They are nocturnal. They hunt and scavenge and are able to eat just about anything. Onikuma rarely venture out of their habitats. However, like ordinary bears, onikuma will occasionally emerge from the forests and go into villages in search of food. Interactions: Due to their reclusive nature, encounters between onikuma and humans are rare. When they do occur, they are often violent. Onikuma sometimes wander into human-inhabited areas in search of food, usually livestock. Onikuma are capable of grabbing livestock and carrying them back into the forest. When this happens, the villagers have no choice but to try to hunt and kill the onikuma. Special tactics are required to hunt onikuma. First, hunters use strong timber to build a sturdy wooden structure resembling a square well casing. This is covered with wisteria vines and used to plug up the entrance of the onikuma’s den. Sticks and brush are pushed through the narrow openings around the den plug. The onikuma instinctively pulls these things into the den and piles them up in back, like a nest. As more and more sticks are inserted, the den fills up until there is no more space. The onikuma then pushes its way out through the vine-covered plug. As it emerges, it is stabbed with long spears and shot with rifles. One such onikuma hunt was recorded during the Ky_h_ era (1716-1736). The hide taken from the beast was reported to be large enough to cover more than six tatami mats.",,,,,,,,,,,
H_k_,,"Translation: based on the Chinese name for the same creature; literally “evergreen lord” Habitat: inside of trees Diet: unknown; probably herbivorous Appearance: H_k_ are nature spirits which inhabit thousand-year old trees. They resemble black dogs with human-like faces and no tails. Behavior: Being tree spirits, h_k_ are said to resemble kodama or yamabiko. However, Toriyama Sekien goes out of his way to mention that despite the similar appearance h_k_ are a separate y_kai. Interactions: Most h_k_ encounters are accidental. They usually involve an old woodcutter chopping into a camphor tree with an axe, and blood spurting out from the tree from the h_k_ living inside. Nevertheless, there are a number of records of h_k_ appearing in Japanese and Chinese chronicles. H_k_ are recorded as being edible; the ancient Chinese records that mention them include accounts of h_k_ being stewed and eaten. Apparently, they taste sweet and sour, and are similar to dog meat. Origin: H_k_ is the Japanese pronunciation of this spirit’s Chinese name: penghou. According to legend, its name was recorded in the y_kai encyclopedia Hakutaku zu. The last surviving copy of this book was lost thousands of years ago, so the true meaning of the name is difficult to decipher. Because of gradual changes in the writing systems of China and Japan, the characters used to write h_k_ do not translate perfectly into Japanese. Legends refer to the h_k_ being found inside of camphor trees. However, the first characters in its name refers to a different kind of evergreen in Japanese: the sakaki ( Cleyera japonica). This is an important, sacred tree in Shinto. The second character in its name was used as a title for feudal lords. It’s not clear that these were the intended meanings in the original Chinese though.",,,,,,,,,,,
Sarugami,,"ranslation: monkey god, monkey spirit Alternate names: enjin Habitat: mountain forests far from human civilization Appearance: Monkeys are viewed as pests by farmers. They dig up crops, steal food from gardens, and sometimes even attack pets and small children. Sarugami are bigger, more vicious, and smarter versions of the monkeys which inhabit Japan. They can speak, and they sometimes even wear human clothes. Interactions: When sarugami interact with humans it almost always ends in violence. Most legends involve sarugami kidnaping young women from a village. Heroes are then called upon to venture into the wilderness and slay the beasts. Origin: Sarugami are an example of fallen gods—spirits once revered as deities but who have since been forgotten and degenerated into y_kai. Monkeys were once worshiped as gods in parts of Japan. Hiyoshi Taisha at the southern part of Lake Biwa was an important center of monkey worship. Monkeys were messengers and servants of the sun because they become most active at sunrise and sunset. Monkey worship was popular among ancient farmers, who also awoke and retired with the sun. As people advanced beyond subsistence farming, monkey worship faded away. Eventually the monkey gods were forgotten. Though the monkey cults vanished, sarugami worship somewhat continued throughout the middle ages in esoteric religions such as K_shin. Monkeys were viewed as servants of mountain deities, acting as intermediaries between our world and the gods. The famous “see no evil, hear no evil, say no evil” monkeys ( mizaru, kikazaru, and iwazaru) come from K_shin and are a remnant of ancient sarugami worship. Legends: Long ago a giant monkey lived in the mountains of Mimasaka Province. Every year it would demand a sacrifice of a young woman from the villages around the mountain. A hunter happened to be staying at the house of the young woman who was chosen to be that year’s sacrifice. The hunter took pity on the young woman. He offered to take her place as a sacrifice. The hunter and his dog were loaded into a large chest and taken up into the mountains by priests to be presented to the sarugami. After some time, a giant monkey more than two meters tall emerged from the woods. It was accompanied by an entourage of over one hundred monkeys. The hunter and his dog leaped from the chest and attacked. Monkey after monkey was slain, until only the sarugami remained. The sarugami possessed one of the priests and spoke through him. It asked for forgiveness and promised never to demand another sacrifice if the hunter would spare its life. The hunter allowed to sarugami to run away. True to its word, the sarugami has never since asked for another sacrifice. In _mi Province there lived an elderly farmer and his young daughter. The farmer toiled in his fields every day, while his daughter waited to be married off. But there were no suitors. One day, the farmer mumbled to himself, “If only there was someone who would marry my daughter and come work in my field... Even a monkey would be ok!” Suddenly, a sarugami appeared nearby. It performed all the old man’s farm work. Then it demanded the old man’s daughter as payment. The old man refused. The sarugami grew angry at him for breaking his word. It kidnapped the man’s daughter and ran deep into the mountains. It kept the daughter tied up in a sack in its den.",,,,,,,,,,,
Obariyon,,"Translation: piggyback rider Alternate names: bariyon, onbu obake, ubariyon, obosaritei Habitat: human-inhabited areas, near roads Diet: unknown Appearance: Obariyon are child-sized monsters from Niigata prefecture which love riding on people’s backs. Interactions: Obariyon lurk in bushes and trees by the side of the road. When a traveler walks by an obariyon’s hiding place, it leaps out onto their back and shouts, “obariyon!” If the traveler relents and carries the obariyon on his back, the monster becomes heavier and heavier with each footstep. In addition, this mischievous y_kai chews on the scalp of the person carrying it, further adding to their misery. To protect against an obariyon’s head-chewing, some villages developed the custom of wearing metal bowls on their heads. According to some tales, as the obariyon becomes heavier and heavier, it eventually crushes its victim under its weight. However, more commonly, when a person has dutifully carried the obariyon the whole way home, it turns out that the strange burden was actually a sack of money. The helpful bearer becomes incredibly rich. Origin: The name obariyon comes from a phrase in a local Niigata dialect requesting a piggyback ride. Differences in local dialects are reflected in the many different names for this spirit. Though it varies from place to place, it is always some form of a childish request to be carried piggyback. Although the exact origins of this particular creature are unclear, folk tales about y_kai which demand to be carried or cared for are common across Japan. There is a recurring theme that those who persevere when dealing with children will prosper. Just as those who put up with the strange demands of the obariyon may find themselves blessed with a bag of gold, those who manage to deal with the demands of raising young children will eventually reap the rewards. In this way, obariyon may be a metaphor for child-rearing. While the demands of the obariyon seem selfish and burdensome, those who are willing to endure for the entire journey find that the hard work was worth it in the end.",,,,,,,,,,,
Kenmun,,"Translation: water spirit Alternate names: kenmon, kawatar_, yamawaro Habitat: the Amami islands Diet: primarily fish and shellfish Appearance: Kenmun are hairy water and tree spirits from the Amami islands in southern Japan. They look like a cross between a kappa and a monkey. Kenmun closely resemble their Okinawan cousins, kijimun_. Their bodies are covered in dark red or black hair, and they have long, thin legs and arms. They are slightly larger in size than a human child. Their mouths are pointed, and on top of their heads is a saucer-like depression which holds a small amount of oil or water. Their bodies smell like yams. Their drool is rank. Behavior: Kenmun live in banyan trees and spend their days in family groups playing in the mountains or near the water. They particularly enjoy sumo wrestling, at which they are highly skilled. As the seasons change, they migrate back and forth from the mountains to the sea. Kenmun have a number of strange abilities. They are able to change shape and often disguise themselves as people, horses, or cows. They can change into plants and blend in with the surrounding vegetation, or even disappear entirely. Kenmun also create light. Their drool glows eerily, as do their fingertips. They can create fire from the tips of their fingers. Sometimes they use this fire to light the oil in their head-dishes. When phantom lights are seen in the mountains or on the shores of the Amami islands, locals attribute this to kenmun. Kenmun hunt at night. They light up their fingertips to search for food in the dark. They primarily feed on fish and small shellfish. They also enjoy slugs, and they pull snails out of their shells and roll them up like rice balls. (It is possible to identify a banyan tree inhabited by a kenmun by the snail shells piled up among its roots.) They hate octopus and giant clams and will have nothing to do with them. Interactions: Kenmun avoid inhabited areas and flee when large groups of people are nearby. They occasionally aid lone woodcutters and people gathering firewood by carrying heavy loads for them. They remember those who treat them kindly or do them favors. A fisherman who saves a kenmun from being attacked by an octopus is sure to earn its eternal gratitude. Some elderly islanders who have befriended kenmun are able to call them down from the mountains to show their grandchildren. They love competition, especially sum_ wrestling. When their head-dish is filled, they have supernatural strength and cannot be beaten. However, kenmun like to mimic people. If a challenger stands on their head or bows low, the kemun will do so too, spilling their head-dish and draining their strength. Kenmun enjoy pranks. They shapeshift into animals and try to scare humans. Or they offer false directions to make people helplessly lost. They have no shame about stealing food and utensils. Kenmun occasionally do wicked things. They are sensitive to insults, particularly about their body odors. If a person talks about bad smells or farts while in the mountains, any kenmun who overhears it will take it personally. Kenmun can steal the souls of living humans, turning them catatonic. They then pull them into rivers or force them to eat snails. Their victims are later found unconscious beneath banyan trees. Even children can have had their souls stolen. Afterwards, they will behave like kenmun, living in banyan trees and leaping from tree to tree when villagers try to catch them. If a kenmun’s banyan tree is cut, the kenmun will place a curse on the woodcutter. The victim’s eyes will swell up and go blind. Eventually they will die. Hanging a pig’s foot bones or Pittosporum tobira branches from the eaves of rooves keeps kenmun away. Threatening to throw an octopus at one is enough to send them running. If an octopus is not available, they will run away from anything you throw as long as you pretend it’s an octopus.",,,,,,,,,,,
Bash_ no sei,,"Translation: banana tree spirit Habitat: the Ry_ky_ archipelago Appearance: Bash_ no sei are the spirits of the Japanese banana tree ( Musa basjoo). Banana trees are native to the islands of Okinawa but are common in ornamental gardens across Asia. Bash_ no sei usually appear as human faces amongst the broad, flat banana leaves. Stories about banana tree spirits are numerous across Japanese, Chinese, and Ry_ky_an folklore. Interactions: Bash_ no sei are not usually hostile or threatening towards people. They generally limit themselves to startling humans by suddenly appearing next to them. For example, in one story a bash_ no sei takes the form of a young woman, appears next to a meditating monk, and asks him if even inanimate plants can attain Buddhahood. Bash_ no sei are not completely without danger. They sometimes assault and even impregnate humans. According to some superstitions, women should not to walk near banana trees past 6 pm. If they do, they will surely run into a y_kai among the broad leaves. Sometimes bash_ no sei appear as monsters. Other times as handsome young men. Whatever the form, shortly after the woman will become pregnant. Her baby will be born with tusks or fangs like that of a demon. What’s more, the following year and every year after that, the woman will give birth to more demon children. Whenever such creatures are born they must be killed by feeding them a poisonous drink made of powdered kumazasa (a type of bamboo grass). This is supposedly the reason why kumazasa is commonly found growing near houses in Okinawa. Origin: The Edo period herbalist Sat_ Ch_ry_ recorded his observations about these spirits in an essay. According to him, Ry_ky_’s banana orchards were so large that they contained rows of trees many miles long. If you walked past them at night, you were guaranteed to experience something strange. He observed that the spirits that come out of the banana trees did not cause direct harm to people other than spooking them. Nevertheless, they could be avoided if you carried a sword. Ch_ry_ theorized that banana trees weren’t necessarily unique in having spirits. However, because their leaves are so large, and they were planted in such large numbers, it is particularly easy for humans to see these trees’ spirits. He believed that was the reason for the large number of superstitions about banana trees in comparison with other plants. Legends: In Nagano Prefecture, a priest was sitting outside and reciting sutras when a beautiful young woman appeared and attempted to seduce him. The priest grew angry. He stabbed the woman with his sword and she ran away. The next morning, the priest found a bloody trail left by the woman he had stabbed. The trail lead to the temple’s gardens, where a bash_ tree was lying on the ground, cut in two. The priest then realized that the woman had been the spirit of the tree.",,,,,,,,,,,
Ninmenju,,"Translation: human face tree Alternate names: jinmenju Habitat: mountain valleys Appearance: The ninmenju is a strange tree which bears flowers that look like human heads. These heads cannot speak, but they can smile and even laugh. In the autumn, they bear face-shaped fruit which tastes both sweet and sour. Interactions: If a person laughs at the tree, the head-shaped flowers will laugh back at that person. If they laugh too strongly, the heads will wilt and fall off the trees. Origin: The ninmenju is an example of folklore that has traveled over great time and distance to become what it is. Ninmenju first appears in Japan in the Edo Period encyclopedia Wakan sansai zue. This book documented animals, plants, and y_kai from both inside and outside of Japan. The description is paraphrased from the Sansai zue (Chinese: Sancai tuhui), an encyclopedia published in 1609. This book describes a tree bearing human-faced fruit which originated in the foreign land of Daishi (__). Daishi comes from the Ming Chinese name for the Islamic world, which in turn comes from the Persian word for Muslims– t_z_. This was derived from the Tayy, an Arabic tribe which flourished under the Abbasid Caliphate. There is a tree in Islamic folklore called the waq waq tree which is similar to the ninmenju. This tree was described as bearing fruit shaped like humans and animals. The fruit could speak, and even tell secrets about the future. Yet it would die a few days after being picked. These trees grew on the mythical island of Waq Waq in the land of Zanj, an area in Africa near present-day Zanzibar. Arab legends say that Alexander the Great spoke to a waq waq tree during his conquests, and it foretold his death. The waq waq tree may in fact be the same tree which comes from Daishi and is referred to in Wakan sansai zue. Through trade along the Silk Road between the Islamic world and Ming China, it is possible that this Arabic myth made its way across the Asian continent and eventually became the model for the ninmenju.",,,,,,,,,,,
Akateko,,"Habitat: Japanese honey locust ( Gleditsia japonica) trees Diet: none Appearance: The akateko appears as its name implies: as a red, disembodied hand belonging to a child. They can be found hanging in Japanese honey locust trees. Interactions: An akateko drops down from its tree as people pass underneath it. Aside from giving its victims a nasty surprise and the general creepiness of a disembodied red child’s hand, it is not known to cause harm. Some people claim to have seen the figure of a furisode-wearing beautiful girl of 17 or 18 years standing underneath an akateko’s tree. Those who witness her are immediately struck with a powerful fever. It is not clear what relationship this girl has to the akateko—if she is part of the same apparition or another spirit entirely. Origin: The origin of akateko is said to be a certain tree in front of an elementary school in the city of Hachinohe, Aomori Prefecture. HoweverTranslation: red child hand , there are local versions of this phenomenon in Fukushima and Kagawa Prefectures as well. In these prefectures, akateko sometimes work together with another y_kai called aka ashi. They grab at the feet of pedestrians, causing them to stumble and fall. It has been suggested that akateko and aka ashi are two forms of the same y_kai.",,,,,,,,,,,
Teke teke,,"Translation: onomatopoeic; the sound of her walking on her hands Alternate names: shaka shaka, pata pata, kata kata, koto koto, hijikake bab_ Habitat: urban areas, along roads Diet: none; survives solely on its grudge Appearance: Teke teke are ghosts who appear in a number of urban legends. They are almost always women, though in a few versions of this urban legend they are male. Teke teke appear as someone cut in half at the waste, running about on their hands. This creates the distinctive teke teke sound from which they get their name. Interactions: Teke teke chase their victims down dark roads. Despite having no legs, a teke teke can run fast enough to catch victims escaping in speeding cars. It can supposedly crawl at speeds of up to 150 km per hour. When a teke teke catches its victims, something terrible happens— although the legends are not always clear what. In some versions of the story, the teke teke carries a sickle. It slices its victims in half at the waist and steals their legs. Some say that she is searching for her lost legs. Others say that she is angry at humanity for not helping her when she was alive—she is simply out to slaughter as many people as she can. Origin: Every town has its own version of the teke teke urban legend. In some stories the teke teke was the victim of a tragic accident. In others it was suicide. In some stories magic charms can protect you from its wrath. In others, nothing can protect you; death is certain. Sometimes the teke teke’s victims even become teke teke themselves. There are so many versions of the legend that it is impossible to know what the original story was, or where it began. However, a number of common threads point towards a woman from Hokkaid_ named Kashima Reiko. Legends: In the years after World War II, Kashima Reiko, an office worker in Muroran, Hokkaid_, was assaulted and raped by American military personnel. That night, she leaped off a bridge onto the railroad tracks and was hit by an oncoming train. The impact was so forceful that her body was torn in half at the waist. The severe cold of the Hokkaid_ night caused her blood vessels to contract and prevented her from bleeding out. Instead, she writhed in pain for several minutes. She crawled along the tracks all the way to the station where she was seen by an attendant. Instead of trying to help her, the station attendant covered her with a plastic tarp. She died a slow, agonizing death. Shortly after hearing the legend, Kashima Reiko will appear and ask you a riddle. This will come either in a dream or in a mysterious phone call. The only way to escape death is to answer her questions exactly the right way. She will ask you: “Do you need your legs?” You must reply: “I need them right now.” Then, she will ask you: “Who told you my story?” You must reply: “Kashima Reiko.” (The kanji used for her name are specific: ka as in mask (__); shi as in death (_); ma as in demon (_); rei as in ghost (_); ko as in accident (__). If you answer her riddles without mistakes, she may let you live. If you fail to answer her questions accurately, three days later you will see the ghost of a woman with no lower half. The teke teke will try to catch you. When she does, she will tear you in half and steal your lower body.",,,,,,,,,,,
H_s_shi,,"Translation: minister of the four directions; the one who sees in all directions Appearance: A h_s_shi wears the mask of an oni and special robes (the particular outfit varies depending on which shrine the ritual is being performed at). It carries a spear in its right hand and a shield in its left. In ancient times, h_s_shi were official government ministers and priests in the imperial court. The name refers not only to the title, but to a demon god which priests would dress up as during yearly purification rituals. This god appears as a four-eyed oni who can see in all directions and punishes all evil. Behavior: During the early Heian Period, the h_s_shi’s duties included leading coffins during state funeral processions, officiating at burial ceremonies, and driving corpse-stealing y_kai away from burial mounds. By donning the mask and costume, the h_s_shi (priest) became the h_s_shi (god) and was able to scare away evil spirits. The h_s_shi’s most famous duty was a purification ceremony called tsuina. Tsuina was performed annually on _misoka—the last day of the year. The ritual was done at shrines and government buildings (such as the imperial palace). In this ritual, the h_s_shi and his servant would run around the shrine courtyard (covering “the four directions”), chanting and warding the area against oni and other evil spirits. Meanwhile, a number of attending officials would shoot arrows around the h_s_shi from the shrine or palace buildings, symbolically defending the area against evil spirits. Other observers would play small hand drums with ritualistic cleansing significance. Origin: H_s_ was a concept related to divination, the four directions, and the magical barriers between the human world and the spirit world. It dealt with creating and maintaining these boundaries and barriers. This included things like planting trees or placing stones in the four corners of an area or utilizing existing features like rivers and roads to serve as natural boundaries. By maintaining these natural boundaries, the spiritual boundaries between the worlds could also be maintained. The ultimate goal was keeping the imperial family and other government officials safe from supernatural harm. The concept originated in ancient Chinese folk religion, where it is called fangxiang. The fangxiangshi was an exorcist who wore a four eyed mask and a bear skin. Over time, Chinese folk religion mixed with Buddhism and Taoism, and then made its way to Japan. The Japanese h_s_shi’s rituals and costume were derived from this syncretic folk belief. Eventually the Japanese version evolved away from its Chinese roots. The h_s_shi came to be seen not as a god which keeps oni away, but as an oni itself. Rather than exorcising evil spirits, the h_s_shi became an evil spirit. It was the imperial officials who chased away and exorcised the h_s_shi. This may have been due to changing perceptions during the Heian Period about the concept of ritual purity. The h_s_shi, associated with funerals and dead bodies, came to be viewed as unclean. It was inappropriate for such a creature to be on the same side as the imperial household, so it became the target of the ritual instead of the officiator. While the governmental position of h_s_shi no longer exists today, some shrines still perform annual tsuina rituals involving the h_s_shi. The celebration of Setsubun, in which beans are thrown at people wearing oni masks, is also derived from this ancient ritual.",,,,,,,,,,,